
--
-- PostgreSQL database dump
--

-- Dumped from database version 11.0
-- Dumped by pg_dump version 11.0

SET statement_timeout = 0;
SET lock_timeout = 0;
SET idle_in_transaction_session_timeout = 0;
SET client_encoding = 'UTF8';
SET standard_conforming_strings = on;
SELECT pg_catalog.set_config('search_path', '', false);
SET check_function_bodies = false;
SET client_min_messages = warning;
SET row_security = off;

--
-- Name: postgis; Type: EXTENSION; Schema: -; Owner: 
--

CREATE EXTENSION IF NOT EXISTS postgis WITH SCHEMA public;


--
-- Name: EXTENSION postgis; Type: COMMENT; Schema: -; Owner: 
--

COMMENT ON EXTENSION postgis IS 'PostGIS geometry, geography, and raster spatial types and functions';


--
-- Name: order_status; Type: TYPE; Schema: public; Owner: dmd_high_grade_pls
--

CREATE TYPE public.order_status AS ENUM (
    'created',
    'canceled',
    'in_progress',
    'ended'
);


ALTER TYPE public.order_status OWNER TO dmd_high_grade_pls;

SET default_tablespace = '';

SET default_with_oids = false;

--
-- Name: address; Type: TABLE; Schema: public; Owner: dmd_high_grade_pls
--

CREATE TABLE public.address (
    id integer NOT NULL,
    point point NOT NULL,
    address_line_1 character varying(255) NOT NULL,
    address_line_2 character varying(255) NOT NULL,
    disctrict_id integer
);


ALTER TABLE public.address OWNER TO dmd_high_grade_pls;

--
-- Name: address_id_seq; Type: SEQUENCE; Schema: public; Owner: dmd_high_grade_pls
--

ALTER TABLE public.address ALTER COLUMN id ADD GENERATED BY DEFAULT AS IDENTITY (
    SEQUENCE NAME public.address_id_seq
    START WITH 1
    INCREMENT BY 1
    NO MINVALUE
    NO MAXVALUE
    CACHE 1
);


--
-- Name: car; Type: TABLE; Schema: public; Owner: dmd_high_grade_pls
--

CREATE TABLE public.car (
    id integer NOT NULL,
    vin character varying(17) NOT NULL,
    is_online boolean DEFAULT false NOT NULL,
    socket_type_id integer NOT NULL,
    color character varying(50) NOT NULL,
    plate character varying(20) NOT NULL,
    created_date timestamp without time zone DEFAULT now() NOT NULL
);


ALTER TABLE public.car OWNER TO dmd_high_grade_pls;

--
-- Name: car_id_seq; Type: SEQUENCE; Schema: public; Owner: dmd_high_grade_pls
--

ALTER TABLE public.car ALTER COLUMN id ADD GENERATED BY DEFAULT AS IDENTITY (
    SEQUENCE NAME public.car_id_seq
    START WITH 1
    INCREMENT BY 1
    NO MINVALUE
    NO MAXVALUE
    CACHE 1
);


--
-- Name: car_order; Type: TABLE; Schema: public; Owner: dmd_high_grade_pls
--

CREATE TABLE public.car_order (
    id integer NOT NULL,
    order_id integer NOT NULL,
    car_id integer NOT NULL
);


ALTER TABLE public.car_order OWNER TO dmd_high_grade_pls;

--
-- Name: car_part; Type: TABLE; Schema: public; Owner: dmd_high_grade_pls
--

CREATE TABLE public.car_part (
    id integer NOT NULL,
    name character varying(150) NOT NULL,
    price integer NOT NULL
);


ALTER TABLE public.car_part OWNER TO dmd_high_grade_pls;

--
-- Name: car_part_id_seq; Type: SEQUENCE; Schema: public; Owner: dmd_high_grade_pls
--

ALTER TABLE public.car_part ALTER COLUMN id ADD GENERATED BY DEFAULT AS IDENTITY (
    SEQUENCE NAME public.car_part_id_seq
    START WITH 1
    INCREMENT BY 1
    NO MINVALUE
    NO MAXVALUE
    CACHE 1
);


--
-- Name: charging_station; Type: TABLE; Schema: public; Owner: dmd_high_grade_pls
--

CREATE TABLE public.charging_station (
    id integer NOT NULL,
    price_per_hour integer NOT NULL,
    address_id integer NOT NULL,
    max_time_for_charging integer NOT NULL
);


ALTER TABLE public.charging_station OWNER TO dmd_high_grade_pls;

--
-- Name: charging_station_car; Type: TABLE; Schema: public; Owner: dmd_high_grade_pls
--

CREATE TABLE public.charging_station_car (
    charging_station_id integer NOT NULL,
    car_id integer NOT NULL,
    started_at timestamp without time zone DEFAULT now() NOT NULL,
    ended_at timestamp without time zone,
    CONSTRAINT charging_station_car_ended_bigger_started CHECK ((ended_at > started_at)),
    CONSTRAINT charging_station_car_ended_not_bigger_now CHECK ((ended_at <= now()))
);


ALTER TABLE public.charging_station_car OWNER TO dmd_high_grade_pls;

--
-- Name: charging_station_id_seq; Type: SEQUENCE; Schema: public; Owner: dmd_high_grade_pls
--

ALTER TABLE public.charging_station ALTER COLUMN id ADD GENERATED BY DEFAULT AS IDENTITY (
    SEQUENCE NAME public.charging_station_id_seq
    START WITH 1
    INCREMENT BY 1
    NO MINVALUE
    NO MAXVALUE
    CACHE 1
);


--
-- Name: charging_station_socket_types; Type: TABLE; Schema: public; Owner: dmd_high_grade_pls
--

CREATE TABLE public.charging_station_socket_types (
    charging_station_id integer,
    socket_type_id integer,
    amount integer NOT NULL
);


ALTER TABLE public.charging_station_socket_types OWNER TO dmd_high_grade_pls;

--
-- Name: city; Type: TABLE; Schema: public; Owner: dmd_high_grade_pls
--

CREATE TABLE public.city (
    id integer NOT NULL,
    country_id integer NOT NULL,
    name character varying(100) NOT NULL
);


ALTER TABLE public.city OWNER TO dmd_high_grade_pls;

--
-- Name: city_id_seq; Type: SEQUENCE; Schema: public; Owner: dmd_high_grade_pls
--

ALTER TABLE public.city ALTER COLUMN id ADD GENERATED BY DEFAULT AS IDENTITY (
    SEQUENCE NAME public.city_id_seq
    START WITH 1
    INCREMENT BY 1
    NO MINVALUE
    NO MAXVALUE
    CACHE 1
);


--
-- Name: country; Type: TABLE; Schema: public; Owner: dmd_high_grade_pls
--

CREATE TABLE public.country (
    id integer NOT NULL,
    name character varying(250) NOT NULL
);


ALTER TABLE public.country OWNER TO dmd_high_grade_pls;

--
-- Name: country_id_seq; Type: SEQUENCE; Schema: public; Owner: dmd_high_grade_pls
--

ALTER TABLE public.country ALTER COLUMN id ADD GENERATED BY DEFAULT AS IDENTITY (
    SEQUENCE NAME public.country_id_seq
    START WITH 1
    INCREMENT BY 1
    NO MINVALUE
    NO MAXVALUE
    CACHE 1
);


--
-- Name: customer; Type: TABLE; Schema: public; Owner: dmd_high_grade_pls
--

CREATE TABLE public.customer (
    id integer NOT NULL,
    first_name character varying(150) NOT NULL,
    second_name character varying(150) NOT NULL,
    last_name character varying(150) NOT NULL,
    username character varying(150) NOT NULL,
    email character varying(150) NOT NULL,
    is_verified boolean DEFAULT false,
    phone_number character varying(10) NOT NULL,
    disctrict_id integer
);


ALTER TABLE public.customer OWNER TO dmd_high_grade_pls;

--
-- Name: customer_id_seq; Type: SEQUENCE; Schema: public; Owner: dmd_high_grade_pls
--

ALTER TABLE public.customer ALTER COLUMN id ADD GENERATED BY DEFAULT AS IDENTITY (
    SEQUENCE NAME public.customer_id_seq
    START WITH 1
    INCREMENT BY 1
    NO MINVALUE
    NO MAXVALUE
    CACHE 1
);


--
-- Name: district; Type: TABLE; Schema: public; Owner: dmd_high_grade_pls
--

CREATE TABLE public.district (
    id integer NOT NULL,
    zip_code integer NOT NULL,
    city_id integer
);


ALTER TABLE public.district OWNER TO dmd_high_grade_pls;

--
-- Name: district_id_seq; Type: SEQUENCE; Schema: public; Owner: dmd_high_grade_pls
--

ALTER TABLE public.district ALTER COLUMN id ADD GENERATED BY DEFAULT AS IDENTITY (
    SEQUENCE NAME public.district_id_seq
    START WITH 1
    INCREMENT BY 1
    NO MINVALUE
    NO MAXVALUE
    CACHE 1
);


--
-- Name: order; Type: TABLE; Schema: public; Owner: dmd_high_grade_pls
--

CREATE TABLE public."order" (
    id integer NOT NULL,
    started_at timestamp without time zone DEFAULT now() NOT NULL,
    ended_at timestamp without time zone,
    starting_address integer,
    ending_address integer,
    car_id integer,
    customer_id integer NOT NULL,
    status public.order_status DEFAULT 'created'::public.order_status NOT NULL,
    car_initial_point point NOT NULL
);


ALTER TABLE public."order" OWNER TO dmd_high_grade_pls;

--
-- Name: order_id_seq; Type: SEQUENCE; Schema: public; Owner: dmd_high_grade_pls
--

ALTER TABLE public."order" ALTER COLUMN id ADD GENERATED BY DEFAULT AS IDENTITY (
    SEQUENCE NAME public.order_id_seq
    START WITH 1
    INCREMENT BY 1
    NO MINVALUE
    NO MAXVALUE
    CACHE 1
);


--
-- Name: payment; Type: TABLE; Schema: public; Owner: dmd_high_grade_pls
--

CREATE TABLE public.payment (
    id integer NOT NULL,
    date timestamp without time zone DEFAULT now() NOT NULL,
    amount integer NOT NULL,
    customer_id integer NOT NULL,
    payment_service_id integer NOT NULL
);


ALTER TABLE public.payment OWNER TO dmd_high_grade_pls;

--
-- Name: payment_id_seq; Type: SEQUENCE; Schema: public; Owner: dmd_high_grade_pls
--

ALTER TABLE public.payment ALTER COLUMN id ADD GENERATED BY DEFAULT AS IDENTITY (
    SEQUENCE NAME public.payment_id_seq
    START WITH 1
    INCREMENT BY 1
    NO MINVALUE
    NO MAXVALUE
    CACHE 1
);


--
-- Name: payment_service; Type: TABLE; Schema: public; Owner: dmd_high_grade_pls
--

CREATE TABLE public.payment_service (
    id integer NOT NULL,
    name character varying(150) NOT NULL
);


ALTER TABLE public.payment_service OWNER TO dmd_high_grade_pls;

--
-- Name: payment_service_id_seq; Type: SEQUENCE; Schema: public; Owner: dmd_high_grade_pls
--

ALTER TABLE public.payment_service ALTER COLUMN id ADD GENERATED BY DEFAULT AS IDENTITY (
    SEQUENCE NAME public.payment_service_id_seq
    START WITH 1
    INCREMENT BY 1
    NO MINVALUE
    NO MAXVALUE
    CACHE 1
);


--
-- Name: socket_type; Type: TABLE; Schema: public; Owner: dmd_high_grade_pls
--

CREATE TABLE public.socket_type (
    id integer NOT NULL,
    shape character varying(150) NOT NULL,
    size character varying(150) NOT NULL
);


ALTER TABLE public.socket_type OWNER TO dmd_high_grade_pls;

--
-- Name: socket_type_id_seq; Type: SEQUENCE; Schema: public; Owner: dmd_high_grade_pls
--

ALTER TABLE public.socket_type ALTER COLUMN id ADD GENERATED BY DEFAULT AS IDENTITY (
    SEQUENCE NAME public.socket_type_id_seq
    START WITH 1
    INCREMENT BY 1
    NO MINVALUE
    NO MAXVALUE
    CACHE 1
);


--
-- Name: workshop; Type: TABLE; Schema: public; Owner: dmd_high_grade_pls
--

CREATE TABLE public.workshop (
    id integer NOT NULL,
    weekday_working_hours_starts time without time zone NOT NULL,
    weekday_working_hours_ends time without time zone NOT NULL,
    holiday_working_hours_starts time without time zone NOT NULL,
    holiday_working_hours_ends time without time zone NOT NULL,
    located_at integer
);


ALTER TABLE public.workshop OWNER TO dmd_high_grade_pls;

--
-- Name: workshop_car; Type: TABLE; Schema: public; Owner: dmd_high_grade_pls
--

CREATE TABLE public.workshop_car (
    id integer NOT NULL,
    car_id integer NOT NULL,
    workshop_id integer NOT NULL,
    started_at timestamp without time zone DEFAULT now() NOT NULL,
    ended_at timestamp without time zone,
    CONSTRAINT cworkshop_car_ended_not_bigger_now CHECK ((ended_at <= now())),
    CONSTRAINT workshop_car_ended_bigger_started CHECK ((ended_at > started_at))
);


ALTER TABLE public.workshop_car OWNER TO dmd_high_grade_pls;

--
-- Name: workshop_car_car_part; Type: TABLE; Schema: public; Owner: dmd_high_grade_pls
--

CREATE TABLE public.workshop_car_car_part (
    id integer NOT NULL,
    car_part_id integer NOT NULL,
    workshop_car_id integer NOT NULL,
    bought_at date DEFAULT now() NOT NULL
);


ALTER TABLE public.workshop_car_car_part OWNER TO dmd_high_grade_pls;

--
-- Name: workshop_car_car_part_id_seq; Type: SEQUENCE; Schema: public; Owner: dmd_high_grade_pls
--

ALTER TABLE public.workshop_car_car_part ALTER COLUMN id ADD GENERATED BY DEFAULT AS IDENTITY (
    SEQUENCE NAME public.workshop_car_car_part_id_seq
    START WITH 1
    INCREMENT BY 1
    NO MINVALUE
    NO MAXVALUE
    CACHE 1
);


--
-- Name: workshop_car_id_seq; Type: SEQUENCE; Schema: public; Owner: dmd_high_grade_pls
--

ALTER TABLE public.workshop_car ALTER COLUMN id ADD GENERATED BY DEFAULT AS IDENTITY (
    SEQUENCE NAME public.workshop_car_id_seq
    START WITH 1
    INCREMENT BY 1
    NO MINVALUE
    NO MAXVALUE
    CACHE 1
);


--
-- Name: workshop_id_seq; Type: SEQUENCE; Schema: public; Owner: dmd_high_grade_pls
--

ALTER TABLE public.workshop ALTER COLUMN id ADD GENERATED BY DEFAULT AS IDENTITY (
    SEQUENCE NAME public.workshop_id_seq
    START WITH 1
    INCREMENT BY 1
    NO MINVALUE
    NO MAXVALUE
    CACHE 1
);


--
-- Data for Name: address; Type: TABLE DATA; Schema: public; Owner: dmd_high_grade_pls
--

COPY public.address (id, point, address_line_1, address_line_2, disctrict_id) FROM stdin;
1	(49.109618441931957,55.8487051720255039)	068 Melinda Square	East Roberttown, KY 92952	2
2	(48.6487076452774048,55.6986723540773951)	97450 Roberts Radial	New Nancy, FL 56621	1
3	(49.166984913666802,55.729106386957973)	21257 Martin Loaf	Johnsonton, WY 10530	4
4	(48.7469438308536596,56.0186863062680942)	06607 Carr Via	Michaelstad, RI 50284	5
5	(48.8885144573530184,55.791625820052424)	5629 Larry Road Suite 744	Ryanbury, OR 05483	3
6	(48.7815542672508755,55.4810688745873932)	PSC 6207, Box 6139	APO AP 41946	1
7	(49.4172749646814395,55.6277187908389195)	6234 Michele Vista	Mooreburgh, WI 64649	4
8	(49.5443839765228518,56.2895344665572424)	5792 Garrison Wells	West Kathryn, AL 16005	6
9	(49.4482106180559597,55.9638996766794534)	4367 Arthur Mountains Suite 872	Robertview, CA 00552	1
10	(48.7687499535112821,55.5465300565049773)	555 Angela Forest Suite 083	New Andrew, DE 32687	2
11	(49.1713527643762447,55.9657385677057704)	91172 Brian Vista	Josephstad, NJ 93221	6
12	(48.8659417770836555,55.6133276645617229)	8193 Christensen Corners Apt. 265	Millerberg, CO 03510	5
13	(49.1737050484591833,55.6314931503892893)	2690 Timothy Roads	Alejandroton, WI 49002	2
14	(49.5603622760265452,56.2592140835703916)	13584 Holmes Village	New Jeremy, MT 32029	1
15	(49.3869353691267534,55.9364558621398942)	920 Douglas Union	West Laurastad, NJ 42348	5
16	(49.5568030480554214,56.1613774630104956)	8728 Tanner Forest	Hallmouth, IL 95257	5
17	(49.3719941139032557,55.8875308826562218)	23534 Avila Inlet Apt. 480	Kristinchester, MD 65793	3
18	(48.7886127603312829,55.8236343996053392)	PSC 0706, Box 8191	APO AP 29793	3
19	(49.4426682590010245,55.3557195845205428)	71003 Paul Mountain Suite 775	North Ashley, NM 12253	3
20	(49.1436685242434308,56.1666450209063655)	Unit 7018 Box 1016	DPO AP 62600	4
21	(48.6119599172733245,55.8163381371089287)	2224 Kimberly Locks Apt. 210	New Anthony, NC 46295	5
22	(49.497672689619705,55.9141959498432541)	89084 John Viaduct Suite 633	East Kevin, LA 92216	6
23	(49.227501137793702,55.8455956879568518)	0879 Maria Haven Apt. 897	East Brookefort, NE 71220	2
24	(48.8424592938613955,55.4547722064726045)	09903 Christopher Groves Suite 914	North Jamiefort, VT 44727	6
25	(48.8284684540957343,55.5311064308029572)	PSC 8939, Box 6205	APO AP 10024	4
26	(49.117370974182883,55.6084460080434013)	528 Jonathan Harbor Suite 364	West Jenniferbury, OK 49091	2
27	(49.4801649836358308,55.6372415910815121)	PSC 8160, Box 3677	APO AA 44297	5
28	(49.3944411201486631,55.6053441399580919)	96934 Gordon Mountains	Garrettton, FL 74075	6
29	(48.6769785916007578,55.897554101524193)	20480 Michael View Apt. 820	Cameronbury, WV 98564	4
30	(49.183887872374342,55.8904585014106203)	81600 Joshua Lakes	Bobview, KS 61556	5
31	(48.9979380474755573,55.8858744052257137)	0994 Jessica Orchard	West Aliciabury, OR 15369	4
32	(49.0101182729795966,55.6692684906660702)	615 Gallagher Plain	Lake Shawn, RI 61909	4
33	(49.0305658705660505,55.3949968639234811)	3022 Jones Ramp	West Colin, KS 42212	2
34	(48.7113296939984224,55.511226408360443)	615 Travis Keys	Blakemouth, NY 71115	6
35	(48.775021162714097,55.8601953672230493)	697 Williams Point	South Sarahville, NH 28505	2
36	(49.1230273172094201,55.5893618656924673)	38660 Kelly Mews Suite 811	Stephenmouth, ME 22224	2
37	(49.2193118554841149,55.4556812502754823)	4426 Cooper Summit	Griffinton, OK 16936	3
38	(49.1300894901865561,55.5542759081322544)	432 Juan Circles Suite 892	Sarahmouth, NM 63716	1
39	(48.9141669748222867,56.0487714843555267)	544 Jacob Inlet	Adkinsmouth, MS 04176	5
40	(49.1053657367828009,55.370197277272986)	447 Sanford Way	Carterchester, NE 29802	4
41	(48.8732742323539426,55.4736753674428726)	0273 Carey Crest	East Melissafort, NM 61853	5
42	(49.0727803539165137,55.5157420232179462)	24732 Brown Fort	North Stephen, SD 94618	2
43	(48.9036438123093262,56.0967392255352522)	706 Anthony Fords Suite 449	North Jason, VT 10792	5
44	(48.581870366591815,56.1007247637321811)	7418 Ronald Parkway Apt. 485	Port Austinport, KS 29254	4
45	(49.535566468039022,55.8932812394602934)	8240 Spears Plaza	East Davidfort, IL 71546	2
46	(48.875005902750253,55.8093089764194303)	056 Lewis Gardens	East Heather, MN 61942	4
47	(49.0084424730790644,55.7813774951150307)	89021 Durham Key Suite 540	Guerrerobury, CO 49803	6
48	(49.138256513679309,56.0339893292120053)	800 Jennifer Isle Suite 697	North Aaronmouth, VT 35438	2
49	(48.8446358846957764,56.0046907956302746)	84223 Gonzalez Lakes	East Kevinborough, NH 32056	3
50	(49.3721005658425511,55.8221586917148116)	6432 Valencia Circle Suite 953	Mitchellburgh, IL 64847	1
51	(49.0741553477230141,55.4454817557145532)	38426 Gonzales Dale	New Steven, GA 34650	4
52	(49.33880202302106,55.619887097517271)	863 Schmitt Trail	Carrieberg, NC 15735	6
53	(48.5686332418673032,56.2052150968863913)	61898 John Unions Suite 010	South Mackenzie, AR 46850	3
54	(48.6355151230017597,56.000152664425606)	51682 Jonathan Island Suite 614	Rivasmouth, MA 74283	1
55	(48.7001940962920017,55.4958696950500467)	20866 Marquez Landing	Lake David, FL 29749	3
56	(48.9552736279341261,55.8684311837168437)	8525 Amber Lights	Taylorland, MD 58413	2
57	(49.3768294273463937,55.3549088917914958)	8469 Everett Street Suite 532	New Jordanmouth, RI 23532	4
58	(48.7732469624590834,55.4671898994536221)	509 Brittany Land Suite 161	Joyhaven, SC 97698	6
59	(49.4830459972185608,55.5111077610248955)	275 Gary Trace Suite 084	Paulside, TX 03631	4
60	(48.7564587757090564,55.7773814808088133)	293 Hobbs Throughway	Curtisville, TX 29135	1
61	(48.7804112343857241,55.4912758096895971)	PSC 4748, Box 3686	APO AA 51793	5
62	(48.9865569459436401,55.7694141907417631)	638 Jones Harbors Apt. 435	Port Jamesland, GA 47773	4
63	(48.9152876068703435,55.5020066719186573)	254 Hill Glens Suite 188	East Michael, AZ 39406	4
64	(48.9553427012772673,55.7197326688975991)	PSC 5864, Box 7693	APO AE 35606	4
65	(48.9669814800808538,55.9538017289456562)	036 Rowland Rapid	Nathanchester, MD 94456	4
66	(49.2060086725269628,55.8681736313521995)	0621 Katherine Cape Apt. 486	Lake Michellestad, IA 34503	3
67	(49.2994449185011092,56.2248008909543771)	90241 Michelle Isle Apt. 261	Johnnyview, NJ 05770	2
68	(49.4163936507417461,55.4032584498433422)	30180 Lopez Ramp	Cowanstad, FL 88922	6
69	(49.4560336992917087,56.2235683573650249)	24071 Curtis Squares Apt. 386	Brianshire, NC 61353	1
70	(49.2471884719182569,55.7730894859870503)	Unit 3464 Box 3277	DPO AE 90800	1
71	(48.6342861002294953,55.6704175606891738)	5061 Robert Bridge Apt. 369	Port Briannaberg, VA 66677	5
72	(49.5282666634079121,55.5862004341572415)	7315 Johnson Lane Apt. 378	East Brian, NM 80596	1
73	(48.8259300085759165,56.1621101481311129)	47685 Mary View	East Joyville, SD 75440	1
74	(49.5596452079238148,55.6165680311052739)	48398 Williams Glens Suite 527	Lake Scott, NE 67450	3
75	(49.3892225371650397,56.2745786161159955)	163 Jordan Glens	Ellisbury, VT 85648	6
76	(49.2258370958122384,56.2505761808510556)	19559 Sellers Hill	Ashleyhaven, TX 94086	3
77	(48.8530986713123667,55.3949385701346273)	Unit 2445 Box 0121	DPO AE 53404	3
78	(49.1407498554407667,55.4483693780404465)	871 Smith Glens Suite 015	Mckinneyhaven, LA 37242	2
79	(48.7434248636115726,55.4756353908090816)	0414 Brown Coves	Lake Courtney, MS 49174	1
80	(49.0341929862593844,56.2674249054362505)	53412 Beasley Ports Apt. 817	Kathybury, NV 62038	6
81	(49.4173175090304966,56.0639069336661322)	731 Frank Place	North Daniel, VT 98218	3
82	(48.8257544163245925,55.6681186339548475)	29316 Devin Dam Apt. 611	Gonzalezview, MD 78558	5
83	(48.9648436974863515,56.2216465159399306)	9197 Austin Pines	Ashleyview, SD 73181	5
84	(48.8432917550859216,55.803603983643697)	0713 Carrie Station Apt. 979	Greenville, IA 27201	2
85	(49.3209306597408812,55.9023124534342841)	Unit 7409 Box 3120	DPO AA 44465	3
86	(49.297841320525265,55.7362303235286802)	9117 Melanie Street	Mcgeehaven, OH 44009	6
87	(49.5054252748010413,55.9322516133009913)	151 Riggs Road	Reillyfort, WA 25920	6
88	(49.3057675746514903,55.4385065475185499)	2398 James Curve	Paulshire, DC 30606	5
89	(49.4788927844668791,55.6175019318243855)	488 Jason Plains Suite 120	South Elizabeth, SD 01521	1
90	(49.1208242913477662,56.2897017359028737)	2607 Ricky Cove Apt. 279	East Daniel, ME 93425	3
91	(48.8956352799602882,55.7768750658432069)	396 Rodriguez Wells Apt. 180	South Patrick, WY 39373	1
92	(49.5508073413890529,56.2624282054821094)	USNV White	FPO AP 52009	3
93	(49.039136486265491,55.9257365772856616)	497 Ross Views	Michaelhaven, OK 44247	1
94	(49.4137756695588308,55.8531119701454983)	Unit 3031 Box 7263	DPO AP 97041	2
95	(48.8135172993277067,56.2701793927712686)	8704 Glass Walk Suite 066	South Jessicaside, WI 27650	3
96	(48.695856149186767,55.4980947136814393)	5354 Michael Circles Apt. 733	Port Andrew, NV 51071	6
97	(49.2287735427161124,56.1307725771881962)	545 Savannah Centers Suite 528	North Pedro, CT 79234	6
98	(49.426449019374914,56.3150633801895921)	0210 Nathan Spurs	Salasside, NV 50343	5
99	(49.4296688401367703,55.3720693924339216)	7623 Carla Walks Suite 011	Port Juan, NH 22345	2
100	(49.3489210570475976,55.5814213630591425)	88222 Benson Knoll Apt. 028	New Michelleville, MT 87687	2
101	(48.751652642635193,55.9807146130632347)	09059 Stacy Garden Apt. 191	Port Danielle, TX 08235	3
102	(49.2044584683123887,56.2806693322105289)	683 Tina Row	Levymouth, NH 78137	6
103	(49.5216076774957443,55.3306220279666263)	63260 Phillips Fort	East Madelineberg, NC 30555	1
104	(49.3493751884502601,55.5436746534602506)	7583 Williams Garden	Keithborough, AR 81830	1
105	(48.7401439093525823,55.7022780375405517)	2010 William Curve	North Jennifer, LA 97677	6
106	(49.5030396852382353,55.4796445533839844)	94676 Sara Valley	Jeffreyport, WV 32243	6
107	(49.457732447143627,55.6412023095252835)	647 Joanne Burgs	West Wanda, OK 35335	6
108	(49.4281019190551874,55.8720624804387995)	3564 Martinez Mission Apt. 529	Emilymouth, DE 16283	2
109	(49.1607133381221644,56.137477922033753)	869 Jodi Vista Apt. 377	South Chelseyfurt, MT 10244	6
110	(48.6192408551757751,55.9402207821421271)	52650 Mary Skyway Apt. 033	Elijahton, NJ 91422	3
111	(49.509146365201623,56.1700576702545931)	61947 Neal Ramp Apt. 818	West Wayne, MA 47425	2
112	(48.6842883707539968,55.712315449146864)	81491 Mathew Well Apt. 603	Moranside, SC 70355	3
113	(49.0627077530080982,56.2055531454221509)	292 Joan Port Apt. 936	New Donald, RI 14009	3
114	(49.2391763079168072,55.5100527662669236)	9066 Candice Vista Suite 278	Millershire, WA 57261	2
115	(48.9278352228100104,55.3537397558056412)	USNV Murray	FPO AP 33553	4
116	(48.9059629405903635,55.366667823535316)	674 Juarez Corner	Port Stephanie, ID 13683	2
117	(49.1342485213195843,55.6709773044513199)	45988 Jessica Forks Apt. 223	West Gregorychester, OK 82779	4
118	(49.0778493085890659,55.58224236149821)	7153 Dawson Parkways	Port Elizabeth, IL 51560	1
119	(48.7712203306091396,55.8564720348735833)	7702 Thornton Inlet Suite 906	South Joelton, MO 74104	2
120	(48.9585179061904796,56.1364475965641887)	PSC 9499, Box 2725	APO AE 29573	2
121	(48.9021554452751062,55.8252951521865555)	36384 Kathy Drive	Williamberg, CO 66221	5
122	(49.252421867412032,55.8974555386536807)	66128 Moon Camp	Dickersonburgh, KY 53496	1
123	(48.9275349586877226,55.4320416833818186)	407 Williams Harbors	Davidfort, NM 44031	2
124	(48.8978827890805547,55.6165486544947072)	5251 Williams Stravenue Suite 726	Tracyhaven, UT 94893	3
125	(49.1816029848167915,55.6341149814720808)	7815 Deborah Garden Apt. 947	North Mariahborough, MI 60475	1
126	(48.9382389799989781,55.698148608549765)	45847 Amanda Bridge	Port Colleenfurt, NC 66447	1
127	(49.0272580705685286,55.5828684320825772)	60976 Evans Falls Apt. 396	East Lawrencestad, LA 72520	5
128	(48.879134081409255,55.5545775036283089)	USCGC Lynch	FPO AA 57269	1
129	(49.2944150526110434,55.5600445122486306)	09793 Kimberly Highway	Jacquelineburgh, OR 24126	4
130	(48.8113891376056444,55.7955172091925036)	60117 Ashley Burg Apt. 600	Hartchester, CO 44237	2
131	(49.5340415321697805,55.7691190495776681)	20674 Vance Hollow Suite 656	Port Lauraside, ID 68176	3
132	(48.7494849015220808,55.404265372804403)	63856 Audrey Turnpike Suite 606	North Elizabeth, OK 54317	6
133	(49.2587716816436938,55.7231509308325457)	72644 Sergio Parkways	Annmouth, NY 03127	3
134	(48.7223638085089377,55.7907933377691805)	39312 Ball Trail Apt. 415	Bartonview, HI 88081	3
135	(49.520040284261043,55.9612427175835236)	640 Rubio Wells Suite 303	Bryanmouth, MN 83030	2
136	(49.2298882994479641,55.8335762811742242)	5766 Amy Neck	Suarezmouth, CA 13417	2
137	(48.7463580757232293,55.8773203669207206)	01145 Page Stream Apt. 638	South Lindsey, OK 09855	2
138	(49.5509058834228497,56.1496681415262913)	0437 Vickie Hollow Apt. 729	Lake Johnville, DC 75210	6
139	(48.6058161461867542,55.7325598420718507)	13222 Delgado Street	Taylorville, WY 30772	1
140	(49.5445290953200583,55.805716091784376)	228 Katie Parkways Suite 014	Lake Calvin, PA 26872	4
141	(49.2786108613984197,55.510653028865157)	687 Karen Centers Apt. 782	Lake Jessica, OK 18866	2
142	(49.2685067933738097,55.485007480191932)	5189 David Bypass Suite 332	East Ashleyville, RI 37932	5
143	(49.0937380171831848,56.2461152027349129)	96568 Reid Branch	Priceland, MT 90362	4
144	(49.4097961131313923,56.2192820935198796)	1693 Acevedo Vista	Garzafurt, NH 25575	1
145	(49.3195777137400455,55.9531405079170625)	1479 Joshua Ferry Apt. 222	Port Christine, KS 13017	3
146	(48.9444875567879549,56.0762315973481122)	221 Jones Road Apt. 748	South Chad, DC 31647	6
147	(48.8026927235623305,55.4930154627896073)	375 Williams Creek Apt. 670	East Daniel, AL 59413	2
148	(49.2563846598748469,56.3110868797706061)	611 Matthew Locks Suite 029	Vasquezbury, WI 59274	6
149	(48.8667066869044362,55.6095365182779702)	7329 Steve Vista Suite 056	Barbarafort, KY 98446	1
150	(49.250130570024325,56.2588892724695881)	4206 Barbara Unions	North Geneton, AZ 34603	5
151	(48.7908306613365284,56.1289514595251973)	51740 Oscar Estates Apt. 522	Stephenmouth, DE 55553	3
152	(49.0691233090670735,56.3183346860110561)	439 Chase Gateway	Tonyatown, GA 55235	6
153	(49.1456596676586699,56.130084540547081)	35141 Parker Corner	Meyerhaven, AZ 88072	3
154	(48.6849020674535211,55.88949703041758)	853 Pearson Trail Suite 277	Roberthaven, NH 69162	4
155	(49.1048639261218653,55.6803474816199042)	3797 Pamela Tunnel	Port Matthew, LA 34611	4
233	(48.7892507548610368,55.888253258966067)	PSC 5101, Box 9815	APO AE 51240	5
156	(48.8442808352106539,55.496205839563082)	0020 Hernandez Turnpike	North Jessicaberg, PA 66216	1
157	(48.7575897479707265,56.1000752234590436)	5882 Smith Bypass Apt. 876	Boydmouth, AK 23707	2
158	(49.2039473032605699,55.5060282036937735)	810 Ann Dale Suite 942	Sueburgh, SD 03079	5
159	(48.7970312496220942,55.6453664757247424)	97151 Kelly Squares	West Natashaview, WI 66381	4
160	(49.3302286975609121,55.9449729269018405)	711 Joseph Way	Vincentville, IA 86522	1
161	(49.1322630791272985,55.5093925388116318)	3506 Dawson Wells Suite 992	Matthewburgh, UT 99228	5
162	(49.1900644441891544,56.016175689615558)	09144 Pamela Crescent	Hansonview, NM 39003	1
163	(48.9812765547763362,55.8315310587453126)	690 Gordon Mall Apt. 804	West Christopherville, LA 23587	5
164	(48.9415044821107728,56.1569726179667867)	27154 Lewis Knolls	East Michael, NM 35874	5
165	(48.8816610746802027,55.6859551313394903)	Unit 4244 Box 4734	DPO AP 84003	6
166	(49.4718068293858551,55.4190082397427162)	6691 Hanson Walks	West Marybury, AK 88772	3
167	(48.8801402375298437,56.0837483993490622)	527 Jenna Meadow	Williamstad, MN 08468	6
168	(48.9982212469935376,56.143744875706652)	9669 Suzanne Squares Suite 971	Port Jennifershire, AZ 13692	5
169	(49.1251836983697956,55.9463814289333072)	355 Roberson Canyon Suite 680	Cherylville, WA 83406	5
170	(48.6575674862919882,55.4891453227516962)	4922 Jason Pike	Williamburgh, DC 37605	3
171	(49.0694448497161346,55.6766421429247984)	96417 Wesley Circle Suite 314	Thompsonchester, FL 98912	3
172	(48.9577691175957952,56.1193275786319816)	2407 Gonzalez Forks Suite 973	East Johnborough, IA 44268	2
173	(49.5111036179089652,55.9945323938063879)	4520 Jefferson Stream Suite 744	Williamsbury, ID 75360	5
174	(48.8609685188162786,55.6435024136623539)	PSC 5547, Box 5776	APO AP 81629	4
175	(48.9214183562198528,56.0042080609537933)	9621 Solis Corners Suite 325	Clarkside, KY 96501	4
176	(48.7739444017434849,55.6771657587080284)	33358 Kent Views Apt. 050	Justinmouth, IN 28007	3
177	(49.5435243480428511,55.513368475446633)	752 Rivera Crest Suite 685	New Kelseyborough, MI 13522	3
178	(48.7971215881650977,56.0919268248277234)	Unit 5734 Box 0294	DPO AA 71591	2
179	(49.075816173697234,56.1839415511913032)	5932 Julia Inlet	Lake Lisa, MN 63260	2
180	(48.5865676066541567,55.6213674032069747)	7788 David Path	West Jasonview, HI 80755	1
181	(48.595711400086536,55.3454599801392462)	4803 Barker Courts	New Devin, CT 85869	4
182	(49.3715656169116528,55.8817972697779126)	5063 Gregory View Apt. 284	Ellishaven, NM 41884	1
183	(48.5952019532190178,55.414723557695055)	4470 Rodriguez Drive	East Danielle, WI 24687	6
184	(49.2022523569484491,55.7784457614422422)	1543 Brenda Passage Apt. 739	Nguyenside, MA 32248	3
185	(49.0458475918547094,56.1670062026120362)	2155 Gilbert Station	Port Crystaltown, IA 63779	1
186	(48.6365235932424724,55.7637523602766834)	38934 Jeremy Bypass Suite 382	Sarahport, UT 45061	4
187	(48.8961134691598005,55.3850719171750114)	34731 Lauren Courts Suite 406	Shortbury, DC 96278	1
188	(49.5095259619451866,55.6144593762540111)	298 Blackwell Cliff Apt. 948	Tashamouth, CT 82992	3
189	(49.4251135987021257,55.9772060669088347)	635 Christopher Junctions	Keithstad, CA 01915	6
190	(48.7287115363462391,56.1535702312911553)	2550 Andrew Cape	Lake Chadland, MN 69008	1
191	(48.7062080275655163,56.1891572703492486)	11668 Williams Corner Apt. 220	Jenniferfurt, AZ 92272	1
192	(49.5130385941459323,56.1747169340827739)	698 Jones Corners Suite 237	North Marissa, TX 06072	1
193	(48.882477300624366,56.1576865602238513)	USCGC Smith	FPO AP 82675	3
194	(49.4373966778538048,56.0819980135662135)	5417 Drake Parks Apt. 285	Scottbury, IA 57713	6
195	(48.9167609214320862,55.8670317214808776)	33045 Martin Forge Suite 887	Lake Kristinside, KS 98184	5
196	(49.3780827002793146,55.6339050973154983)	60364 Charlotte Underpass	New Danielstad, ID 91189	4
197	(49.2912675801950897,55.9437057564212736)	625 Swanson Green	Underwoodfort, OK 57636	1
198	(48.6715381463498602,55.8338762323088815)	763 John Land	Petermouth, ID 86703	3
199	(49.2438624143515824,56.2901992242804923)	USS Flores	FPO AP 54864	4
200	(48.6950368356036307,55.7237775783489226)	7272 Rush Estate	Elizabethfurt, MS 56802	4
201	(48.6237799341930668,55.6241964855595654)	10979 Gutierrez Summit Suite 155	Jacksonmouth, SD 45373	4
202	(48.7109154679950151,55.7708858161820089)	288 Hughes Common Apt. 758	Irwinmouth, KS 43322	5
203	(49.1396205497217409,55.9456934492662086)	69945 Johnson Mount	West Jamie, AK 51402	6
204	(49.028857004432858,56.0611676094685691)	643 Cassandra Ridge Suite 053	Port Daniel, AR 57112	2
205	(48.8532465099870876,55.4180798777202597)	185 Fuller Underpass Apt. 983	Nicoleborough, NC 99093	2
206	(48.93922319757867,55.7405759463763033)	87586 Doyle Unions	New Audreyshire, MO 05861	4
207	(49.2846770201884539,56.3061058491646236)	40654 Smith Shoal	Amyland, MD 68841	3
208	(49.3317337242704923,56.1290104755457975)	4393 Karen Crest Suite 458	Port Troyport, NE 85727	1
209	(48.7003687728917853,55.4895994330571369)	72990 Glenn Underpass Suite 601	Lake Jillianbury, WI 13249	1
210	(48.6231341905551631,55.6938245223320578)	34265 Carey Freeway	Terrichester, ID 22188	4
211	(49.3354664044438067,56.0083596964651846)	49295 Bobby Oval Suite 523	East Jasmine, CA 26448	1
212	(48.6097300999907702,55.9335457564254597)	299 Stephen Forest	Port Jeremy, SC 58266	4
213	(49.4187071451709841,56.2907451358198401)	5110 Gina Meadow	Elizabethtown, SD 89292	1
214	(48.6775287207391685,55.4073627383103897)	229 Owen Shoals Suite 972	East Dalton, MS 66147	6
215	(49.2720466942532909,55.6206395997550089)	46328 Morgan Vista	Lake Austin, VA 25792	5
216	(49.5096137466344786,55.8507557803486847)	28236 Escobar Fall Apt. 363	East Edward, NJ 77925	6
217	(48.8962973978302671,56.0183280756033852)	23088 Palmer Street	Veronicamouth, ME 14385	3
218	(48.8466830106451084,55.6043279018744627)	1597 Sarah Pass Apt. 975	Michaelview, MS 49157	5
219	(49.380833780537337,55.6149960178605625)	330 Miles Well Suite 943	Lake Jonathan, TN 83478	2
220	(49.4925331641341302,55.4277870069811627)	7777 Aaron Street	Graystad, FL 97875	5
221	(49.0486401199486863,56.2451878421975096)	439 Peck Burg	Ericberg, PA 95337	6
222	(49.2630412605415842,55.6699534480979494)	84374 Cory Courts Apt. 385	West Kristen, IN 60427	4
223	(48.9755589238933808,56.20686862703473)	6302 Cooper Lodge Apt. 624	East Kimberlyfurt, NJ 81076	1
224	(49.2781621869127235,55.6733570643582496)	01578 Angela Fort Apt. 858	Hallmouth, KY 63205	5
225	(48.8928444953410661,56.3149760918639686)	89791 Joseph Ridge	Fosterfort, FL 54458	3
226	(48.6924845425247597,55.6302937132264361)	3075 Derek Stravenue Apt. 873	Jessicahaven, IN 66416	3
227	(48.7207468506926986,55.8878524536084811)	4906 David Overpass Apt. 693	Michellestad, CO 88964	4
228	(49.5327803031957359,55.8367294333839936)	970 Michael Lake Suite 083	West Stephanie, TX 75643	1
229	(49.5279815105375292,55.8807105954590426)	37060 Jessica Village	Michelleview, VA 60977	1
230	(48.6588678741454785,55.8193269974106556)	4831 Bryant Springs	Lake Brianachester, NM 68072	4
231	(49.238305614011324,55.5207377867506082)	9067 Christopher Gateway Apt. 215	Port Russell, CA 70000	5
232	(49.2191261986099562,55.4353639268635661)	581 Michael Valleys	West Ruth, GA 38823	3
234	(49.1771443697672055,55.8475520705720783)	954 Isaiah Haven Apt. 283	Dylanland, VA 78871	6
235	(49.25891455633748,55.7531360132029548)	8666 Pacheco Drive Suite 928	South Chris, OK 16831	1
236	(49.1778294130831668,56.0821839432587623)	10639 Williams Cliff Apt. 856	Carrilloshire, FL 51670	1
237	(49.3078538534369173,55.9280131292454357)	8267 Gabriel Highway	East Ericton, KS 30564	6
238	(48.9810992237994967,55.6642247240386325)	1937 Brown Pine	Lake Rebecca, VT 50856	6
239	(48.626339816943819,56.2347833172300682)	4866 Hernandez Estate	Fredericktown, NJ 02480	1
240	(48.7164689581623236,55.4118086241112309)	883 Brown Key	Port Thomasmouth, ME 07496	3
241	(48.9716728119568714,55.782687197030242)	8371 Castillo Turnpike	Lake Melinda, MN 78308	1
242	(49.0542506020428135,56.2930342525700098)	50171 Ross Field Suite 316	Goodwinmouth, NJ 75681	1
243	(48.7540039311303204,55.3325148702416456)	6736 Rebecca Hills	West Maria, NJ 90034	1
244	(49.4891446636295882,56.2865499526470359)	264 Murray Bypass Apt. 843	Andradeland, WV 60084	2
245	(48.6530462752317874,55.9414602405366352)	619 Edward Burgs	Tateburgh, MO 15945	1
246	(49.1766907192953653,56.1397683644478249)	2675 Erin Square Apt. 320	New Traceyton, LA 82242	5
247	(49.030020362175371,55.7378879753690057)	75802 Floyd Road Apt. 603	Joseburgh, AR 60514	3
248	(49.3904337844227896,55.362303699784519)	06699 Nichols Crossing Suite 607	New Elizabeth, MT 17939	2
249	(48.6395529991938389,55.6010003746790034)	6329 Pamela Grove Suite 443	Mcintoshberg, MT 24383	2
250	(49.0444773907402904,56.224014035939895)	54295 John Junction Apt. 894	Shelbybury, SC 61908	1
251	(49.1670472745124698,55.7825438458333949)	5529 Gillespie Bypass Apt. 601	North Matthew, RI 87676	2
252	(49.0429942124957492,55.4244113550027819)	649 Gonzalez Divide	Scottchester, KY 27076	5
253	(48.7084917267942288,56.2688197716303762)	2430 Burgess Locks	Lake Josephchester, OK 89274	6
254	(49.1481025659650186,55.8698448904270322)	7639 Thomas Overpass	East Kevin, AK 92603	4
255	(49.4612310737197944,55.8604508083033053)	803 Davis Views Suite 945	East Rodneyton, CA 58485	6
256	(49.5240103340514608,56.1323498048938987)	64581 Heather Junction	Watkinsstad, WI 94696	4
257	(49.0121607715861316,55.6825530751893254)	USS Gonzalez	FPO AP 58812	2
258	(49.3409241066472148,55.6065258081830507)	Unit 6635 Box 7605	DPO AE 05939	2
259	(49.3542037194769847,55.3863706442785997)	USNS Hall	FPO AA 32194	6
260	(49.4999421722763699,55.9762283816623949)	4147 Jessica Road	Port Susanfort, OR 28864	5
261	(49.0978908090840278,55.5827619674505939)	PSC 9642, Box 2495	APO AP 46187	5
262	(49.4419774970857233,55.7233387989856297)	556 Chelsea Crossing	Smithmouth, SD 53304	2
263	(48.7745809513856017,55.3369778753459514)	634 Hall Mountains	Austinberg, MD 09897	5
264	(48.96894535524482,56.1845225224361187)	351 Frederick Drive Apt. 844	Stevenstad, LA 97227	6
265	(49.4243062562299826,55.9586345095701532)	09073 Wiley Shore	Beckertown, CO 46840	3
266	(48.7799625117370326,55.3602527191923386)	3114 David Turnpike	Kevinhaven, WV 46354	3
267	(48.8156921581108278,55.9978269550142187)	0556 Rosales Skyway	South Maryfurt, WV 49100	4
268	(49.1822019241790613,55.3414603231822326)	639 Thomas Falls	West Malloryside, MO 91619	2
269	(49.0182116076817138,56.1659530708673529)	8641 Linda Passage	South Brandi, UT 60173	6
270	(49.2026783253497584,55.9919779998009588)	414 Foley Trail Suite 670	Lake Stephen, ME 23644	2
271	(48.7431532432625474,55.398883471154349)	77642 Justin Knolls	Meaganstad, IN 06101	4
272	(48.9417324887211862,56.1069064092861396)	1706 Natalie Square	West Alyssaside, SD 37305	6
273	(48.7982093134112347,55.4325020975696603)	2144 Flores Court	Taylorland, MN 09018	1
274	(49.2266756012478552,55.7157577778677648)	077 Smith Street	Dianaview, NM 54407	1
275	(49.0244675283788709,55.8918280068596189)	010 Young Orchard	Gabrielleton, OR 41692	1
276	(49.455594644594143,55.4436604244005764)	97114 Phillips Vista	Grosshaven, FL 31279	4
277	(48.8253054931645565,56.1140389049944162)	186 Robin Mills	Lake Kristy, IL 73882	4
278	(48.9605163894566999,56.0069681487674629)	159 Villa Burgs	Michelleton, OH 49582	1
279	(49.0424142172825697,55.3735915983084581)	9208 Adams Station	Moranport, MI 94764	2
280	(49.2696530914873065,55.9633319955326627)	Unit 3912 Box 2292	DPO AE 50814	5
281	(49.0005524680104614,55.8969286968779855)	8216 Robert Forge	New Tabitha, LA 41010	6
282	(49.1253919505004575,56.3013200097334021)	029 Lisa Crossroad	Lake Thomasside, CA 30762	6
283	(49.2374873446360297,55.9204445129419341)	176 Duane Lodge	Joshuastad, AL 47914	5
284	(49.4728458199357917,56.2608656026388374)	004 Snyder Via	Nicholasfurt, TX 64334	3
285	(48.8301122512052999,55.7259283059439596)	718 Snyder Forge	Vaughanstad, NC 81677	5
286	(49.0307561993521901,55.4034796049096343)	039 Vazquez Landing	Dixonmouth, CA 84022	2
287	(49.0482014834955962,55.9068041663876016)	35056 Gutierrez Passage Suite 215	Hernandezfurt, SD 92399	1
288	(49.054956949529732,56.1802916652389897)	21505 Davis Ports Apt. 517	Jamesville, GA 39143	3
289	(48.6566988693726472,55.7324306722219305)	28442 Patton Station	Port Sandrabury, SC 05355	5
290	(48.9363172794589971,56.005073307463519)	66470 Eaton Coves Suite 212	Pamelaport, RI 46188	6
291	(49.5200106119958647,55.8044875660291311)	70134 Benson Harbor	Maddenmouth, VT 44040	6
292	(48.8453204241283458,56.1143106651291248)	44289 Martinez Mews Apt. 719	North Richard, VT 18341	4
293	(49.0940611096139392,56.1414787919264668)	814 Andrea Pike	Vanessashire, IA 26718	3
294	(48.6503613332874352,55.7780030933997679)	47010 Ebony Ferry	Gallaghermouth, AL 21852	1
295	(48.6236743119596895,55.6038375784464662)	Unit 2093 Box 0194	DPO AA 90132	2
296	(49.3311033256251292,55.5407465476798947)	Unit 4075 Box 1774	DPO AA 44559	3
297	(49.2921172656279936,55.7720551590505593)	20468 Jacob Stravenue Suite 485	East Tim, IA 14371	3
298	(48.7682431825655911,55.4711750791680274)	57062 Carr Village	Lake Benjamin, ND 30221	4
299	(48.9554592734745952,55.6581078737131492)	Unit 4637 Box 1294	DPO AP 55667	6
300	(48.5902158634710091,55.7434126272232433)	330 Robles Drives Suite 168	South Scott, MN 01137	3
301	(49.3364479206079167,56.1458606775703615)	3188 Nelson Springs	West Jesseborough, TX 23839	3
302	(49.0947332416443558,55.7494338582978415)	USS Murray	FPO AA 28693	3
303	(48.6609624281218771,55.6467321003849165)	14034 Amber Roads Apt. 510	Rachaelton, FL 50884	1
304	(49.3316924350340926,55.5444027611696498)	2078 King Lock	East Williamshire, KS 76777	6
305	(49.122131981144932,55.5009353588941465)	440 Burch Crescent Apt. 121	South Noahshire, AK 19419	6
306	(48.7760255322481342,55.8928171514132686)	4354 Peters Drive Apt. 459	Kelleymouth, NC 94353	2
307	(48.68424712813691,55.5034646252757398)	PSC 3199, Box 5897	APO AE 61525	1
308	(49.4251489416779179,55.3907430835351633)	8820 Jennifer Mill	West Seanmouth, WA 07444	2
309	(48.7890001976541754,55.6529891355466759)	Unit 2785 Box 6220	DPO AA 72352	4
310	(49.4973679199687666,55.4963564782813137)	PSC 3298, Box 1595	APO AE 25698	1
311	(49.2324874240434269,56.0937044511330285)	Unit 5463 Box 6717	DPO AP 30669	2
312	(48.7238985459220686,56.1070336191931318)	992 Wright Shoals	West Jasmine, MI 54626	4
313	(48.6885820512743379,55.5244575798081215)	601 Andrew Cliff Apt. 947	Traciland, LA 61599	3
314	(49.2194511564823856,56.1982048094638742)	0049 Darrell Land	Coreychester, SC 06477	2
315	(48.793339898127428,55.427451251425282)	095 Patrick Lakes Apt. 106	Mendozaberg, MT 16733	3
316	(48.7556326080778959,56.2687638431092338)	8653 Porter Haven	East Justinstad, MT 36467	6
317	(49.0085992070780847,55.4108288933503843)	1400 Salazar Stravenue	East Jennifer, NY 27126	5
318	(48.6873459781609128,55.5332161275386724)	USNS Gonzalez	FPO AP 16509	3
319	(48.7325717147643758,55.6860224580182361)	64240 Shannon Valley	Jeremyland, NY 07740	6
320	(49.1770180062829354,56.1280897063218518)	6208 Bell Knoll	Port Andrew, IA 82414	1
321	(49.1018693915336613,56.1734085493839643)	4391 Wells Common Suite 717	East Loganbury, LA 65800	1
322	(49.2994778926200183,56.1427860425210739)	807 Jose Plains Suite 360	Hughesstad, WI 23037	6
323	(49.2969340174334718,55.4330648120997154)	PSC 3552, Box 8163	APO AA 87784	4
324	(49.2690034606366112,55.6368117370952007)	5777 Nathan Ports	North Theresafurt, NJ 12720	3
325	(49.1505060107731708,55.567794084028229)	7116 Patty Extension	Lake Andreaview, DC 77411	1
326	(49.0943059964592123,56.0794815301507228)	41929 Oliver Run	Lake Jamesbury, ID 73436	2
327	(49.2073377058490848,56.311591796967889)	8421 Dana Estates	Davistown, IA 80570	1
328	(48.810795701137117,55.9025153381612441)	62797 Jeffrey Mews	North Ryanmouth, TX 34430	2
329	(49.1150649349102011,55.977360920920276)	64839 Davis Village	East Stephen, PA 20293	1
330	(49.1510703232232302,55.6499924719154677)	5875 Romero Courts Apt. 007	South Jacobfurt, CO 24026	5
331	(48.738740267807799,56.0728945017038143)	78628 Wheeler Way Suite 541	West Saraborough, LA 03239	2
332	(48.8414428381630756,55.3599009267829061)	69738 Burns Cliffs Apt. 483	Bobbyfurt, MN 64020	3
333	(49.2677634632194881,55.4635396036763453)	0909 Ramirez Via	Christophermouth, VT 93619	3
334	(49.2835755006087837,55.8039746320888028)	042 Andrew Landing Suite 815	Port Jasontown, MI 52850	6
335	(49.2111962092026118,55.4853716852601053)	Unit 1679 Box 7952	DPO AP 33417	6
336	(48.6858610017138247,55.4947431819146004)	8202 Mcclure Prairie	East Michealfurt, MD 15755	4
337	(49.2448387145492887,55.7124335008984843)	1526 Leonard Crescent	West Russell, MT 85473	3
338	(48.7596035605116782,55.3464362289779359)	80422 Stacey Drive	Darrenburgh, GA 19810	6
339	(48.8392116726569512,56.0149631522068745)	413 Edwards Expressway Apt. 444	Collinsport, DE 47499	6
340	(49.3322486733213097,55.3902474668557403)	068 Mcdonald Estates Suite 337	Gregoryland, IA 26402	6
341	(48.7364883007145764,56.2115096777996186)	1195 Simmons Overpass Suite 411	East Ruth, AZ 07751	5
342	(49.3477621123862633,55.3398512328780257)	191 Christina Corners Apt. 350	East Kimberly, ID 28446	1
343	(49.4994631711362629,55.8230142149809367)	840 Morgan Junction Apt. 153	West Michelle, KY 85845	1
344	(48.8817903687357003,55.8989481615315142)	468 Matthew Common Apt. 740	Port Christopher, WI 28832	3
345	(48.9931185797806634,55.6348160443580682)	7025 Gallagher Falls	East April, ME 07222	3
346	(49.4011701615886167,55.7836590226297773)	712 Sarah Ports	Lake Sean, IL 22890	1
347	(49.1636117618000981,55.6315091141643165)	15239 Horn Common	Madisonburgh, DE 35606	5
348	(49.5319326330810057,55.7530264201814418)	467 Johnson Prairie	West Adam, SD 81815	1
349	(49.3432994951371882,55.3720384386816065)	091 Karen Expressway	Adamsstad, VT 77041	1
350	(49.1551113182764396,55.5203815143154031)	41571 Williamson Groves	Greenton, NH 09659	4
351	(49.1677958466877243,56.103813877497636)	02920 Joseph Via Suite 736	North Matthewport, SD 12560	5
352	(49.0738338718653537,56.1228853396225844)	7712 Jesus Field	Port Emilystad, MT 75734	5
353	(48.8741652241841678,55.5514971590252884)	8107 Gonzalez Court Apt. 943	Fergusonton, NY 64576	1
354	(48.6999398380176629,55.7001360062999353)	283 Alexander Wall Apt. 918	West David, DE 52645	3
355	(48.6518012441215717,56.1194067795215759)	658 Ramirez Port	West Valeriemouth, MS 42952	3
356	(49.5607502136401408,55.9528475799537048)	040 Bryce Village	Coleport, NV 96007	1
357	(49.2263009904735824,56.2892116449382129)	1410 Thompson Mountains	West Carrie, DC 95694	6
358	(48.9411197328551282,56.3150396238199065)	589 Jacob Summit	Clarkfort, MD 49533	4
359	(49.1460447608368796,55.3576745426276915)	954 Patricia Lodge	East Danielhaven, NH 14767	3
360	(48.7640473167446515,55.5492409704972729)	28046 Eric Village Apt. 622	North Paulville, MI 75996	1
361	(48.8100423969780408,56.3210827393208149)	1063 Barajas Rest	New Victoria, NY 81776	4
362	(49.3809585470731776,55.6335699079396377)	529 Shields Mission	Lake Jessica, MT 97453	1
363	(49.3345377130440497,56.1153418642932991)	594 Richard Hollow	North Mariachester, CO 46657	3
364	(48.9312637715681973,55.6882968274576555)	77998 Brendan Knolls Apt. 937	West Miranda, WA 43026	2
365	(49.2378228134534481,56.0090284655234427)	716 Eric Union Apt. 887	North Richard, RI 96551	1
366	(48.6752980108692483,55.6264802397052307)	8050 Amy Parkway	Charlesborough, ND 31984	2
367	(48.7491094122051862,55.9545480319469135)	61554 Mckenzie Stravenue Apt. 152	Port Timothyburgh, IA 89531	4
368	(49.3577779065280566,56.21998912899506)	PSC 8270, Box 8601	APO AP 57544	5
369	(48.980089123606227,55.6273137188658566)	940 Brenda Springs Suite 017	Loganside, AL 08243	2
370	(49.2737915004081444,55.409235630142895)	9154 Anthony Curve Suite 017	Port Kristichester, DC 25580	6
371	(49.274430691729421,55.3928024520995947)	5336 Richard Prairie Apt. 716	Lake Nathan, TN 35770	5
372	(49.1078199284723382,55.5234723652782023)	PSC 5816, Box 7156	APO AP 96381	3
373	(48.6964867623708386,55.9974939438324384)	011 Heidi Shores Apt. 315	Lake Cassie, WV 03783	3
374	(49.565482134322572,55.4727042038019817)	13208 Shelton Ramp Apt. 833	New Rachelmouth, IA 11389	3
375	(48.8673828224594047,55.4060661182696705)	14574 Robert Forest Suite 035	Lake Dakota, MT 80551	2
376	(48.7734728116722493,55.9581597066864234)	Unit 3871 Box 0494	DPO AP 76696	5
377	(49.5471522115839065,55.8103568034751518)	48381 Christopher Rest Apt. 244	Port Shannon, WA 81630	3
378	(48.5861247895837778,55.5163620587971423)	652 Dakota Hill Apt. 422	Whiteville, NC 21010	6
379	(49.0658231679691852,55.7801960350762371)	49351 Morales Island	North Stephenbury, DC 07732	6
380	(49.4575722865095599,56.0658306135004167)	3239 Gary Field Suite 616	Littlehaven, HI 11959	3
381	(48.8382228808460539,55.9526919995392191)	2681 Marcia Roads Apt. 458	Kendrafort, NV 68835	3
382	(48.8634070552766531,55.7826122204568762)	2278 Ortiz Ridge	South Jonathanton, ME 82282	3
383	(48.8354246490057022,55.8481244047266898)	1302 David Prairie	Port Melinda, ID 80854	1
384	(48.9245494890979487,55.7177326870366016)	066 Jessica Tunnel Suite 545	Lake Marcusville, MD 33139	2
385	(49.1347391795503015,56.1214372903405234)	6606 Trevor Manor Apt. 106	Terrimouth, AZ 46850	1
386	(49.014585719268922,55.8673454920439028)	8884 Flores Spur	Port Dianebury, AZ 66139	6
387	(48.7943525276066694,55.5221693912718379)	828 Ronald Mews Apt. 308	Port Yvette, KS 62083	1
388	(49.1046429175412342,55.6314384341454513)	Unit 6139 Box 7027	DPO AP 56010	2
389	(48.8205974327504535,55.3700707958388421)	620 Elizabeth Burgs Suite 163	Colonshire, PA 68398	1
390	(49.558779498690221,55.5375681972785173)	4367 Hicks Throughway Apt. 017	Mclaughlinburgh, UT 60947	1
391	(49.0315440113289682,56.2215736567834128)	009 Mejia Club Suite 485	Harrisborough, AK 73966	5
392	(49.3977076754506541,56.1482676423700013)	403 Barrera Branch Suite 283	North Angelaburgh, NJ 32957	4
393	(48.8059373543030119,55.5649862685989859)	4736 Delgado Club	New Sydney, NE 71492	6
394	(49.2544239896183953,56.2277290701500903)	3661 Williams Station Apt. 283	Kimberlyville, SD 93072	2
395	(49.3053514106239206,55.5914497208617462)	813 Kimberly Walk Apt. 882	Robertmouth, MI 31450	3
396	(48.7596866171387617,56.2135111952048945)	PSC 7407, Box 4225	APO AE 82022	2
397	(48.7857113473563899,55.3424443397657768)	2362 Roberson Fall Suite 193	South Tonyabury, ID 83397	4
398	(49.3995659882891189,56.3035896065847012)	3920 Smith Cape	Emilyfort, WY 63778	5
399	(48.6648224376913703,56.1054404477066129)	50462 Gerald Heights Suite 651	New William, RI 24557	2
400	(49.0434674692670711,55.7054045756346241)	707 Glass Springs	Mosleymouth, OK 21828	1
401	(48.9773340504362196,55.9459010887791663)	341 Patricia Lodge Apt. 645	Lisaside, ME 06595	4
402	(48.9572614269955864,55.3636177663465858)	PSC 0685, Box 2920	APO AE 30599	3
403	(48.7580434805896132,56.0380994012914613)	USNS Keller	FPO AE 15190	1
404	(48.9649327279168247,55.5519050117986026)	18497 Potter Ville	North Shaunside, DC 06085	2
405	(48.7057408571342307,55.5661895826002947)	323 Donna Avenue Suite 496	Doylechester, ID 34039	1
406	(49.3685272448763612,56.0401983738170557)	748 Ortiz Square	Livingstonview, MA 14930	5
407	(49.3216448940957761,55.4134893638476669)	632 Caleb Valley	Kristamouth, ME 13742	6
408	(48.8015868211055022,55.6797048479632863)	2021 Patterson Meadow Suite 383	Mullenport, VA 85024	2
409	(49.138871441579596,55.6413334572669172)	3930 Claudia Isle	West Bryanton, MD 27996	3
410	(48.8986376926192463,56.0567447144750872)	8810 Rice Walk Suite 070	Jacobview, CT 92280	5
411	(49.1362636432087854,56.0307442275263412)	1292 David Circles Apt. 658	North Sandraton, MO 26448	6
412	(48.9171728244445561,56.0161796835479748)	823 Juan Light	Christophermouth, NV 83476	3
413	(48.8673951387867049,55.809522898726776)	170 Paul Walk	West Michael, GA 08517	5
414	(49.4736925266561869,55.8640664242369951)	1855 Gonzales Islands	North Kimberlyside, DE 15693	5
415	(49.062631043797353,56.2677006103072443)	77544 Mclaughlin Heights	South Jessica, DE 84213	5
416	(49.0711827704904024,55.4266012257692253)	537 Smith Pass	Lisabury, SD 87315	1
417	(49.3265037872138947,55.5291739252142591)	16469 Merritt Wall Apt. 210	New Brandimouth, OR 76149	5
418	(49.3206222389514508,56.0878511307670493)	8895 Nelson Lock Suite 527	Lake Christineburgh, NM 53558	1
419	(49.0084669300909184,55.5355039375757542)	66934 Pamela Street Suite 243	Ianton, ND 06698	1
420	(48.9972353310604873,55.5870719185155835)	Unit 6227 Box 5168	DPO AP 71037	2
421	(49.1665922892115077,55.732654037265732)	167 Lucas Rapid	New Triciastad, MS 74098	1
422	(49.2425893286626106,55.3489251869165457)	28908 Valerie Forest	Port Kevin, MD 07015	4
423	(48.5906910835008716,56.2633683908546587)	140 Joel Mountains Apt. 081	New Laurabury, MA 24273	3
424	(49.1395725478281307,55.5734041603943751)	71593 Clark Turnpike	East Scott, PA 77557	2
425	(49.2153560424560794,55.6005880473470384)	9519 Perez Pine	New Carriebury, VA 87982	3
426	(49.2824334448420274,56.1620685581954575)	76024 Smith Burgs Suite 987	North Jessica, WI 60572	1
427	(48.776419761863643,55.8073838173142747)	USS Cooper	FPO AP 51368	1
428	(49.4087403654944524,55.5715339828296422)	55323 Chelsea Land Suite 018	Evanschester, IA 67300	2
429	(48.9626407183004773,55.6315145064733585)	7395 Mclaughlin Mission Suite 239	South Nicolemouth, NV 20550	4
430	(49.4237256212295151,55.5488600771478076)	977 Navarro Isle	Jensenside, AR 96865	5
431	(49.0705821470380741,55.9404036110277474)	404 Tyler Streets	East Tracy, NY 20419	5
432	(49.5025569859312995,55.7614776618334744)	03512 Ricardo Trail	Lake Lauren, MI 66043	4
433	(48.8900955614028589,55.5220304548966652)	474 Misty Haven	North Brian, NH 82326	1
434	(48.6232865416154354,55.9243089133672058)	077 Robinson Flat Apt. 503	South Karenburgh, HI 43422	1
435	(48.9218967669360509,55.5385613544922236)	15918 Hampton Landing Apt. 324	Anneton, OK 54006	6
436	(48.9078019938483521,55.5786139683056462)	8028 Robert Stravenue	Williamsburgh, CA 36251	3
437	(49.5331567951607568,55.8576474789106641)	5264 Joel Plaza	South Elijah, DE 56608	1
438	(48.9655164307380915,56.2823708729161964)	25156 Lowe Passage Apt. 108	Lake Amandafurt, WI 67247	2
439	(49.0181046475668083,55.6299660853244191)	42694 William Fall	Collinsport, SD 38575	4
440	(49.2857871653321737,55.7897652177609729)	973 Wendy Ports Suite 845	North Phyllis, MI 03090	4
441	(49.2592377494169895,56.319543561829029)	000 Anna Islands	Lopezchester, NE 97545	1
442	(48.5905843590928299,56.0086508142652235)	455 Jason Vista	Lake Alan, NH 70391	2
443	(49.3043272110233275,56.0443774833600301)	4227 Moore Light Apt. 730	Richardstad, MI 77433	3
444	(48.7322072592459392,55.4965537939183946)	0535 Wilson Coves Suite 110	East Nicholas, NH 94570	3
445	(48.8584765483621979,55.7045837101134254)	84700 Hart Mews Apt. 107	West Lauriehaven, MN 85141	5
446	(48.8498659982061625,55.8482811187238184)	3520 Patrick Haven	Lake Robert, AL 52141	6
447	(48.6006775319026261,55.6385115528870742)	0886 Clark Corners Suite 130	Zacharyshire, MO 73507	5
448	(49.3299972265719688,56.0695140905330121)	6513 Sandoval Ford	Lake Elizabeth, WI 65035	4
449	(49.3739289564529003,56.1436195014344293)	153 Charles Crest	North Dennisland, OK 35829	2
450	(48.7177069542757479,55.9973901924740645)	0279 Steven Flat	East Maryland, MI 40321	4
451	(48.5956366935458632,56.3148950995973721)	419 Taylor Mall	Melissaborough, WV 56850	2
452	(49.1438826913971027,55.8025083684373371)	3295 April Circle Suite 342	Lake Wendyland, ND 69467	6
453	(49.2894134707146563,55.9557857799389495)	7010 Maldonado Mission	Boothview, IN 39718	1
454	(49.0946196495883811,55.6864156334130556)	22150 Melanie Fords	Robersonton, SD 24447	3
455	(49.5546191493863617,55.4424760182504173)	1290 Rowe Canyon	Michaelburgh, MA 32155	6
456	(48.6140029766130297,55.5082050142036039)	Unit 5054 Box 3867	DPO AE 01537	2
457	(49.522258537937617,55.5684868756231154)	PSC 3839, Box 3966	APO AE 03452	3
458	(48.7676049106148497,55.4793119942249504)	9196 Carlos Village	Victoriaburgh, GA 51388	2
459	(48.737348818352487,55.5534315203595241)	86197 Jean Points Apt. 646	Cartershire, CT 21946	4
460	(48.763059923364878,55.7027017127525497)	USNV Sullivan	FPO AP 64633	1
461	(49.3648412960745091,55.5702303574577954)	1613 Gutierrez Lodge Suite 785	Lake Markmouth, IA 31104	2
462	(48.6137056918174011,56.0917431671857827)	7566 Megan Mount	Beltranside, MA 15855	2
463	(49.2008392902287994,55.4460239481576096)	86015 Ramos Parkways	Kristineberg, OH 15456	6
464	(49.2289344313612673,56.1329354630186614)	01221 Mitchell Corner	North Michael, HI 27892	1
465	(49.4354728233366103,55.5897739043543879)	430 James Burg Suite 622	Lake Diane, IL 32430	2
466	(48.6963183815262042,55.7798749920176533)	622 Davis Vista	West Jessicaside, MI 17013	6
467	(49.483448823737902,55.6692628619017995)	17965 Lawson Route Apt. 356	Tiffanyport, CO 79856	4
468	(48.7380563830711679,56.2723370166272332)	688 Williams Mission Suite 885	Paynefurt, NV 02165	1
469	(48.9998131072436536,56.3021282009743018)	87666 Miller Trace Suite 572	New Mary, WA 58843	6
470	(48.8365280563425301,55.738941498964671)	699 Lisa Village	Port Jennifertown, AL 51077	1
471	(48.8538004773503616,55.8305877113056681)	PSC 1730, Box 3554	APO AE 82279	2
472	(48.9190853540998845,55.9938385151261855)	099 Mathis Drive Apt. 113	Wilsonfort, SD 02251	5
473	(49.4650684284024749,56.2268752551465809)	768 Chaney Land	Priscillaburgh, OK 33869	2
474	(49.2193121626708887,55.9501900150845728)	98292 Kelly Rapid Suite 148	North Ashleyland, ID 38551	6
475	(49.1985928388017086,56.1002704686895797)	53468 Hebert Orchard Suite 711	Diazborough, ID 03117	2
476	(49.4242753360836176,55.7031755756915175)	USNV Macdonald	FPO AP 35967	3
477	(49.4697641556327667,56.2635163944409911)	734 Sarah Fields Apt. 903	Georgebury, KS 04563	1
478	(48.9849240236761716,55.801732172486787)	22371 Stephanie Square Suite 298	North Victor, WY 68681	4
479	(49.4878577564113513,55.6515885200673068)	8116 Tammy Island	Port Jennifer, WI 71335	5
480	(48.8951933248429143,55.9308720969915427)	8510 Stanley Ports Suite 371	East Judyfurt, AL 09642	3
481	(48.5791533531863777,55.6586480179353273)	920 Charles Club Apt. 433	West Michelleborough, NY 11103	3
482	(49.3668454429913908,55.9909167089611017)	83992 Bright Canyon Apt. 094	New Adamberg, MO 57105	3
483	(49.3826958946905421,55.4098667882970588)	26666 Caitlin Brooks Apt. 564	West Heathertown, NM 87906	3
484	(49.097398527144108,56.2418698460681412)	5074 Williams Summit	Monicaborough, WY 46796	5
485	(48.9823341396554426,55.4011149929660576)	176 David Squares	Guerreroton, LA 35730	1
486	(48.9979461976157395,56.2865041393187369)	960 Saunders Way Apt. 772	Hawkinsborough, IN 55263	3
487	(49.0638431865446378,55.3609284255379777)	76123 Roberts Corners	East Tiffany, DE 28488	5
488	(48.8631129206082093,55.4248323167625543)	43254 Caitlin Island Apt. 499	West Michaelfort, WI 47692	2
489	(48.8302303439825423,56.0551272729304699)	Unit 4156 Box 8147	DPO AP 81252	4
490	(49.2875342508446934,55.6034131430008927)	533 Rice Burg Apt. 478	South Brandonstad, KS 26080	2
491	(49.4376376962917092,56.1123251942200696)	PSC 8639, Box 1260	APO AA 38895	2
492	(49.0754882416675997,56.3227669893220835)	3150 Welch Skyway	East Curtisport, UT 09403	4
493	(48.9445861300880196,56.1884764756715285)	5603 Davis Forest Suite 459	Lake Saramouth, DC 11388	1
494	(49.4933986168963429,55.4875076914041756)	736 Christine Loop Apt. 544	Leechester, WA 36685	5
495	(49.089080948852974,55.7975871035638065)	31558 Wright Mall	New Scottport, IL 55878	1
496	(48.5882213953267268,55.8059144864193399)	861 Newman Trail Apt. 552	Morseton, MO 75381	5
497	(49.4742442197431345,55.7113319450451314)	546 Shaw Key Apt. 746	Thomasville, MD 58817	2
498	(48.8714280160902135,55.3855454804750309)	504 Eric Hills Apt. 837	East Brittany, NJ 44343	6
499	(49.3037551568148231,56.0339033640136819)	0825 Gomez Crossing	Port Gregorymouth, LA 57746	4
500	(49.3289067873253799,56.1647540778879133)	2341 Jackson Fields Apt. 693	Carpenterburgh, NM 39262	3
501	(49.3609143233628274,55.7771117152852582)	84666 Hunter Plaza Suite 936	Lake Markside, AZ 79505	12
502	(48.6596982690917841,55.4102415931087933)	9249 Michael Heights Suite 199	Kevinbury, MO 60410	10
503	(48.7451024847112535,56.1155164210946253)	980 Tracy Trail Suite 336	Nataliemouth, NJ 83295	11
504	(48.9236525691133863,56.0800625011839671)	36051 Sanchez Roads	Taylorburgh, MT 33496	10
505	(48.7941185980656016,56.329317762157828)	062 Becky Ways	Port Patriciamouth, LA 20852	10
506	(48.7046732440060097,56.0274429574536512)	93136 Elizabeth Lodge	Nicoleburgh, NH 49549	11
507	(49.2499680282008967,55.3525230664893826)	096 Hayes Courts Suite 645	Steinmouth, MT 88620	7
508	(49.4318550514764965,55.5658535851830919)	28502 Valenzuela Trail	South Rodney, IL 67342	9
509	(49.1151739447847362,56.188440946285354)	3372 Christopher Overpass	Phillipborough, DE 82631	12
510	(49.2730185530936922,56.3164392058461942)	0870 Padilla Tunnel Suite 754	Lake Kevintown, HI 92598	10
511	(48.925168948606462,55.5870516087356847)	80583 Grant Haven	Jeffreyport, NE 23003	11
512	(48.8211824576167004,55.9226275981800498)	11991 Hernandez Landing	Michelleville, IA 17508	11
513	(49.5006804879757851,55.9257030603521343)	002 Derrick Corner Suite 744	Smithland, OH 28585	7
514	(48.8301677434750516,56.2633138818416612)	0132 Moore Glens Apt. 314	Meyerchester, AR 49350	12
515	(48.651697655037097,56.1330096905946476)	PSC 6757, Box 4055	APO AP 18825	10
516	(48.9594133119832691,55.8436000861997996)	6963 Beard Center Apt. 217	South Kevin, IL 79933	8
517	(49.1284683953305858,55.4636070497890756)	02519 Aguirre Shoals	Lake Jamesview, WV 02062	10
518	(48.9479736739242384,56.3030484056897009)	853 Trevino Stream	Katrinachester, NV 03929	11
519	(48.8427814725507616,55.7154960617768396)	981 Soto Expressway Suite 614	Carlshire, GA 70928	11
520	(49.1091450401957275,55.950129264756562)	5212 Christopher Greens Suite 480	North Jenniferfort, AZ 85449	7
521	(48.5757179383572577,55.5015219605586978)	7044 Harrington Fields	Lake Felicia, WY 17501	12
522	(48.7467627125955119,55.5744292144742786)	5704 Evans Fall	Melendezbury, KS 95803	12
523	(49.3403542604088798,55.5962255083727754)	4710 Stephen Trafficway Suite 934	West Jennifer, ME 40607	11
524	(49.4599046060761793,55.7270298813137828)	00358 Andrew Spur Suite 451	Tinaview, DC 64958	10
525	(49.4016504599549009,56.0548758660799749)	4667 Harris Ford Apt. 907	North Jacob, AR 72724	8
526	(49.2226747620194374,55.6450715428153373)	Unit 0718 Box 7508	DPO AP 58277	10
527	(49.531289132645405,55.4227501627869756)	7919 Paul Ville Apt. 189	Port Jeremyside, AZ 85668	11
528	(48.9887688205530765,55.6361850942265477)	0868 Sanchez Extensions	Port Teresa, FL 71731	9
529	(49.1063188036842604,56.2937529521494469)	7103 Tina Pass Suite 759	Schultzstad, NE 98678	12
530	(48.6383861880397532,55.5036659412670517)	0222 Anthony Parks	Davidton, VT 84381	11
531	(48.567603798730083,56.1227295294916644)	680 Daniel Manor Suite 092	South Marcus, FL 04624	11
532	(49.2493332700319542,56.2923217547966672)	265 Phillips Knoll Suite 842	Port Andrewfurt, ME 58800	9
533	(49.3803431120961918,56.1663981759089097)	3466 Ochoa Greens Apt. 089	Lake Travis, VT 93362	11
534	(49.3396196265288438,56.2300134789539072)	7088 David Pine	Sharonton, MN 34063	10
535	(49.0268390219801802,55.3826947562085863)	4143 Robinson Islands	Ellisonshire, VA 85435	7
536	(49.4308201483490848,56.2487640787058893)	41777 Jasmine Walk	South Brianna, TN 80674	9
537	(48.7907648388274993,55.9519736140977102)	76724 Andrew Isle	Mccoymouth, KY 95105	9
538	(48.6405538845092664,55.8133508437067434)	399 John Vista Suite 007	Lake Michael, CO 55098	9
539	(49.2059145208616187,56.2672087849351215)	56023 Robert Road Apt. 218	Yolandaside, PA 86501	9
540	(48.7034238769193664,55.6652316364338304)	USCGC Bryant	FPO AE 13892	9
541	(49.3244080081752898,55.7918011155087967)	673 Monroe Crossroad	North Thomas, DE 30229	7
542	(48.9778533480702194,55.5418874891883974)	408 Davis Squares	Russellside, ME 57143	12
543	(49.450610051529118,55.9272422615523581)	3030 Kristine Lodge	Stevenhaven, SD 82147	11
544	(48.6556828425732206,56.1257454470763548)	028 Torres Ways	East Angelafort, MO 02673	7
545	(49.284997736730034,56.057305576404012)	3350 James Pass	South Sarahbury, LA 02570	12
546	(49.2045868655334573,55.3600758709283056)	91082 Baldwin Meadow Apt. 725	Patriciatown, WY 04833	10
547	(48.661219037323626,55.6593592472439411)	PSC 4998, Box 5887	APO AE 46259	12
548	(49.186995469621948,55.8489588994099293)	51663 John Passage Apt. 031	North Michael, DE 80343	10
549	(49.2493256638187944,56.1027189703665172)	10975 Adams Ways Suite 358	North Moniqueside, IN 47943	9
550	(48.6019502285018419,55.7582623991850994)	312 Cassidy Land	Port Mike, GA 80878	11
551	(49.2933259862052964,56.3049368110542758)	USNS Harrell	FPO AP 18824	11
552	(49.3552047498299729,55.73322323838822)	52240 Devin Street	Clarkshire, CT 41785	7
553	(49.4842610281537461,55.4655401335649643)	219 White Passage	Port Joshuaview, MN 67261	11
554	(49.3909046828439529,56.2854300506971654)	986 Donovan Spurs Suite 812	Jacobstad, DE 35831	8
555	(49.5317631941922372,55.6778767810980213)	959 David Parkway	Schneidermouth, VA 54120	12
556	(49.1718142457589167,55.9720869000923784)	2363 Brock Common	Wilsonville, IL 74579	11
557	(48.7852509486814085,55.7291300478151612)	14958 Sharon Mount	Davidland, CO 67839	9
558	(49.2096303082585038,56.1793206833677061)	07618 Perez Squares Apt. 398	Gregorymouth, MO 13042	11
559	(49.5336553155384678,56.0583556220255872)	550 Allison Forest	Burtonchester, ME 31323	11
560	(49.1036570442648355,55.3788835290050088)	39904 Mills Lake Apt. 275	Lesliechester, NH 91969	9
561	(49.54786203639474,56.1876176124769273)	USCGC Collins	FPO AP 26171	7
562	(48.8299440940960991,55.9116184974995249)	718 Perez Mount	Dylanport, VT 13594	10
563	(48.6409435306891638,55.4614941351179809)	365 Joseph Rapid	Port Matthew, ID 23951	8
564	(49.4165941487966478,55.7531557432209794)	PSC 3940, Box 1471	APO AA 60730	12
565	(49.2384883517546754,55.3742037422362046)	97481 Stein Stream Suite 233	New Timothy, LA 26109	8
566	(48.6431288309064271,55.808771911912892)	3781 Miller Pines	North Michael, MT 92726	10
567	(49.5133207058777103,55.8190927129466132)	7396 Cooke Union Suite 461	South Tanya, FL 90750	7
568	(48.8288549770878788,56.1106856230971687)	PSC 2000, Box 1966	APO AP 85109	10
569	(48.7737107175691023,55.750240812654269)	4432 Byrd Radial Apt. 294	Byrdtown, VA 54738	7
570	(48.9792950100935656,55.7405333951238973)	1573 Jessica Track	East Julie, KS 02870	9
571	(48.6533075996429361,55.633121884412553)	1692 Sandra Walk	East Jodyside, LA 67928	9
572	(49.540478297967411,55.420327838003324)	307 Gaines Route Apt. 230	Reyeschester, SC 40713	9
573	(48.5850746087037493,55.8153140968531218)	Unit 8810 Box 5886	DPO AA 07788	9
574	(48.8466480343692808,55.3384238250743365)	94022 Ashley Ferry	Williammouth, NM 87060	10
575	(49.4526709721681286,56.0071182130137615)	763 Griffin Dale Apt. 300	Angelatown, NC 94114	11
576	(49.1245214807511132,55.8196681222002837)	265 Newton River	South Dawn, PA 34133	10
577	(49.4276362893066263,56.1658248202275061)	7549 Heather Center Suite 099	North Jessica, WV 69746	12
578	(49.2597977939136769,55.4187692322599261)	292 Sharon Spurs Suite 315	Aaronburgh, NV 19285	9
579	(49.212120717288613,55.8295688957322085)	9294 Santos Lane	New William, RI 42559	7
580	(49.0717879059996847,55.8205994111440731)	098 Lynn Flats	Port Anthonyberg, ID 15194	8
581	(49.0898683162515752,55.5374068614414043)	296 Webster Ville	Port Lisaville, MO 73065	9
582	(49.329989932839915,55.3755465019861148)	45108 Ortega Isle	Lake Matthew, PA 95147	12
583	(49.4180742217562354,55.9382631399834196)	0678 Klein Groves Suite 430	Trevorland, OR 89686	9
584	(49.100436419566833,55.3946456795505142)	828 Valerie Corners	Morsemouth, MA 10305	12
585	(48.7587415406020241,55.632510134433808)	3115 Jonathan Mall Apt. 790	West Kevin, IL 72541	9
586	(49.2098732505187115,55.4229467854044628)	95223 Nguyen Lake Suite 516	East Pamela, ND 20174	10
587	(49.0724700135918894,55.9610527140487619)	PSC 1055, Box 4576	APO AP 38973	8
588	(48.6211997056927672,55.6525409327482663)	239 Gordon Highway Apt. 564	Laurahaven, HI 79141	9
589	(48.6694211253456004,56.1390601980912933)	695 Carr Court Suite 669	West Austinbury, NC 45315	7
590	(48.9028786574230168,55.9858113486932893)	065 Valerie Oval Suite 587	Matthewberg, MT 88388	10
591	(48.9560457282422448,55.6833735957011768)	033 Calvin Motorway Apt. 107	Josephshire, DC 79799	11
592	(48.6938586128070057,56.20143553687533)	218 Stafford Mall	Vazqueztown, ND 25339	8
593	(49.4737988589747957,56.3163149637621885)	3192 Thomas Spring Apt. 145	Garyville, OH 03569	8
594	(48.8233301459250981,55.4821364612433285)	135 Wiley Locks	Lake Richardmouth, WA 50355	7
595	(48.5784955763405506,56.2435706130845148)	4271 Brown Wells Suite 992	Christinehaven, CO 82150	12
596	(48.6011940385593348,55.3734135985377307)	487 Luke Loaf	Sanchezton, LA 67856	12
597	(49.4136325187326193,56.2671914808131461)	8362 Mary Forges	Howardstad, NV 27988	12
598	(48.7153373754998853,55.8196966982051848)	13233 Lewis Place	Elizabethchester, MA 73857	8
599	(48.9101851031676986,55.7966405853158136)	53136 Rachel Mall	Cantrellborough, KY 70299	10
600	(48.5992604357246236,56.2078100712375601)	78321 Gutierrez Way	Mcintoshland, TN 25688	11
601	(48.9727138544109195,55.7393659656980915)	39470 Robert Plaza	Colleenburgh, RI 62096	9
602	(48.896368948069302,55.4856615848036085)	256 Kyle Views Apt. 833	Yorkland, NJ 39881	7
603	(49.1200982919552516,56.1692295437510438)	400 Mathis Square Apt. 838	Port Melinda, LA 53832	7
604	(49.478920275634735,56.0608857353281351)	56524 Peterson Island	North Kathleenburgh, CA 46255	12
605	(48.7941916918102763,55.9683503806388245)	05513 Eileen Skyway	Saratown, PA 97809	11
606	(48.7487173485456324,55.4433902581857367)	58524 James Trafficway	Ellisontown, WA 82228	8
607	(49.1011528327012812,56.3022342686282258)	52069 Rose Club Apt. 264	Wrightton, ND 13881	12
608	(48.6123462499480183,56.226210545698855)	074 Erika Wells	South Christine, NM 86819	11
609	(48.5730827013993292,56.2265731404886893)	140 Johnny Knolls Suite 330	West Jeremy, OR 66035	8
610	(49.4719340411107638,55.4005089038700547)	03852 Christine Branch	East Gregoryhaven, OK 96505	12
611	(49.460772582083294,56.2107409782058411)	3375 Frances Gardens Apt. 910	West Zacharyville, NC 10480	12
612	(49.2099818439276788,56.3012388011315323)	8159 Gloria River	Port Teresaside, NY 46746	7
613	(49.3791484323168319,55.4697076190657512)	1518 Davis Ports Suite 311	Port Michaelfurt, TX 17518	8
614	(49.0427421500696141,55.5872180830005931)	3888 Lisa Camp Suite 967	Lake Veronica, LA 56692	12
615	(48.9286400147448504,56.204658519735446)	849 Santos Port	Dianeburgh, MS 01592	7
616	(49.1861016876811306,56.2936506955913742)	66817 William Trail	Travisbury, MO 14113	7
617	(49.3141150300528182,56.003086380044472)	4739 Vernon Gateway Suite 525	Port Kaylastad, AL 25528	12
618	(49.0301581974240008,55.6427369808444112)	429 Dennis Overpass	North Rhonda, HI 56229	12
619	(49.3695043963836326,55.4789153953238241)	52837 Mejia Park Apt. 081	Jessicaberg, SC 85995	7
620	(49.2976468080643286,55.570667573959021)	167 Sabrina Green Apt. 647	Jamieshire, WY 95828	10
621	(49.3408239028920974,55.6544618198219894)	0904 Wilson Manors	Coreybury, CT 94607	7
622	(49.3552921027569127,55.4047770621315578)	237 Steven Hills	South Jamesburgh, NE 05280	9
623	(49.4511013781508808,55.5173540103837695)	86673 James Motorway	Port James, MN 86030	9
624	(49.3223523854000234,56.0152342550517943)	0375 Lara Roads Suite 414	East Amymouth, KY 31994	8
625	(48.7661602389953117,55.3445881748055228)	2242 Mark Square Suite 290	South Daniel, MI 08595	10
626	(48.6625281429072416,55.5397404308233007)	00234 Mary Radial	East Robertview, ID 84450	9
627	(49.0545451623273721,55.6529286554617784)	5425 Oliver Locks Suite 707	Nancyside, DE 13118	8
628	(49.0764869441169012,55.722079317877899)	6997 White Wells	Lake Vanessaburgh, NC 53839	8
629	(48.6469909948861954,56.1162714128212201)	54266 Julie Canyon Suite 697	Carlsonberg, KY 48673	10
630	(48.9692525417395075,56.3044225422625715)	229 Gentry Fall	Jonathanside, MA 45464	8
631	(49.2264498489732532,55.719830000434996)	927 John Landing Apt. 991	Mollyside, IA 72627	9
632	(48.6961465884217901,56.2542172517048087)	7912 Nielsen Overpass	Crystalburgh, AR 45554	11
633	(48.7158608502288217,55.9652795080245653)	400 Grimes Coves	North David, NH 06052	11
634	(49.3579769957641759,55.3341452655007657)	343 Gray Branch Apt. 672	Lake Aaron, OK 39833	7
635	(48.9666840300953581,55.6098608511631554)	40739 Bradley Viaduct	Martinezview, MO 36179	9
636	(49.2595955699848531,56.3166908527421697)	398 Claudia Route	Edwardsmouth, AZ 49941	7
637	(49.2558530856962236,55.8427127820400813)	3369 Duane Lane Apt. 689	Port Angelafort, MO 78972	10
638	(48.8190967478852968,55.9877796631690501)	4580 Hernandez Loaf	Jacobsview, NC 08147	12
639	(48.7669644519265901,56.1193289572285892)	902 Murray Prairie	Samanthahaven, IL 07719	9
640	(48.7708867326036355,55.4716449065249293)	0462 Mcguire Ridges	West Alexis, HI 73559	11
641	(48.881839975342622,55.5740702539622617)	250 Nicole Ferry	North Maryberg, IA 53086	11
642	(49.285851803270269,56.2932059863518006)	43041 Williams River	South Saraview, CA 44730	12
643	(48.7851726163669781,55.9634929295930874)	3368 Gerald Causeway Apt. 543	Darrellborough, DE 44052	12
644	(49.3294765829582857,56.2547161669769622)	95402 Leonard Knolls Suite 189	New Dawnshire, IL 68085	7
645	(48.8172793239352956,56.1296762943372158)	24822 Thornton Squares	East Lauraborough, UT 53029	9
646	(49.0512827417039929,56.1952627229364765)	5004 Tara Spur Suite 590	Aaronstad, NM 76638	10
647	(48.9832696199847817,55.7371910297530704)	Unit 4850 Box 4267	DPO AE 67218	7
648	(48.852695535506264,56.1061054459482023)	3697 White Street	South Justin, GA 09554	10
649	(49.391917090988585,55.8103766700057662)	02836 Brown Parkways Apt. 930	West Susanhaven, ME 63952	11
650	(49.4498229919722547,55.6686919949770171)	140 Allen Way	Marcusport, UT 70723	11
651	(49.4063342029823502,56.1330537788749524)	8654 Steven Rue	Coreytown, MN 56011	12
652	(48.6437031161180897,55.6303775922002615)	4168 Luis Corner Apt. 809	South Ashleytown, UT 79858	9
653	(49.4339171277566649,56.278086991064562)	USNS Romero	FPO AE 52235	8
654	(48.9599769964368434,55.9926977034890925)	74807 Carter Track	Port Lucasbury, ND 41906	9
655	(49.2024742026110715,56.3285757506122238)	9723 David Lane Suite 818	East Christopherview, AR 34251	8
656	(48.9577088318182518,56.0062264101284129)	1510 Douglas Pine Apt. 110	South Pam, NJ 49106	9
657	(48.7826150516049637,55.8562531060193166)	USS Caldwell	FPO AA 16173	10
658	(48.9880117261196801,55.8062954737100512)	7912 Patrick Lane	Lake Codyborough, NE 56955	9
659	(48.8472557191895973,55.5684753788772312)	84865 White Stream Apt. 601	South Kristen, HI 19456	7
660	(49.2457361323273091,55.3847958633120427)	1482 Gonzales Turnpike	South Michael, VT 28778	11
661	(48.8615147021860281,55.7454498051514236)	PSC 8873, Box 7014	APO AP 23456	11
662	(48.7659323532415812,55.9742150546825741)	USCGC Key	FPO AP 42562	7
663	(49.2377558873837629,55.5674449172305742)	158 Thomas Walk	New Michelle, HI 96557	11
664	(48.7072778940287137,55.388230919355415)	02651 Smith Summit	West Matthewport, AZ 29424	11
665	(49.213662659854279,56.0003832091613631)	1882 Alvarez Orchard Apt. 057	Lake Brian, IN 92907	11
666	(49.0440177666709047,55.6741325916281724)	156 Lisa Station Apt. 484	New Cynthiastad, MT 43865	12
667	(48.8223431576035267,55.8012490986684355)	5587 Robinson Road Suite 090	Lake Micheal, CT 29612	11
668	(49.1735233115241783,55.6949195294642578)	8361 Lane Hills Apt. 194	Roseton, NJ 24721	12
669	(49.2265173442920627,55.5575689663587795)	522 Scott Extension	Morrisport, PA 76756	11
670	(48.8277951197192053,56.1392265226667462)	0223 Garza Stream Apt. 824	Edwinland, OR 01737	12
671	(49.0824184874838352,55.6134050799109474)	31314 Moore Green Apt. 536	West Charleschester, IA 18720	8
672	(49.3607822916454495,56.2019842528743823)	414 Wagner Plaza	Lake Steven, NH 84790	8
673	(48.899637366966104,56.2378583751584884)	PSC 5324, Box 7400	APO AE 38090	12
674	(49.3373464494110721,56.1485617544264741)	1768 Andrew Course	South Jillborough, ID 47476	11
675	(48.6042492074165153,55.8560856279567233)	1089 Kathleen Ford	Port Robertmouth, OK 37818	12
676	(49.4049808719113273,55.6743587688064707)	977 Marks Views Apt. 503	Bushbury, NY 43339	12
677	(49.1467469495962561,55.5749998899800275)	373 Vickie Coves Suite 468	South Sabrina, LA 05980	8
678	(48.6503624213855517,55.5280363831692227)	970 Jenna Square Suite 393	Terrybury, MI 58569	7
679	(49.389829081742505,55.44671684939307)	857 Richardson Estate	East Donald, OK 83296	7
680	(49.4608007565333381,55.9493900566031286)	066 John Hollow	Maldonadochester, AZ 63175	9
681	(49.3525916401172466,55.4876880363251104)	41229 Drake Turnpike	Williamchester, MD 23172	10
682	(48.9736238783108107,55.4692718754145346)	6433 Miller Camp	Brownstad, AZ 90564	12
683	(48.8701162242036418,55.5714109959702327)	8614 Ronald Shoal	New Phillipshire, GA 37597	9
684	(48.9874575533155436,56.1354154792573894)	Unit 8018 Box 0193	DPO AE 42882	9
685	(49.1166088537467544,56.2997507523075384)	27914 Deanna Ports	Stevensstad, OK 93221	12
686	(48.7150037648588565,55.5749420581466325)	66572 Flores Pass	Kruegerberg, OH 29700	11
687	(48.9203464382704993,56.1041514457745194)	060 Patrick Falls Apt. 185	Alyssamouth, DE 50655	8
688	(49.3328055803327388,56.2344098436507593)	198 Phillips Keys Apt. 178	North Kelly, TX 24909	7
689	(49.4222236989932924,56.2318673989112199)	9656 Cantrell Gateway Suite 872	Kellystad, WV 09133	9
690	(48.8839123324544929,56.0608052718776051)	906 Johnson Isle Suite 350	Angelaside, MN 08355	11
691	(49.204368960938865,55.5790266940653765)	90396 Bobby Hills	Doyleberg, ME 93969	10
692	(49.4912766440549703,55.5123471984347816)	427 Shepard Flats	Waterston, AR 15291	10
693	(49.2025978150735526,55.9262223135618441)	51887 Fischer Islands Suite 873	North Ryan, NH 88886	11
694	(48.9880131852154932,56.2505832395366028)	9723 Hector Pines Suite 257	South Suzanneshire, MS 01453	8
695	(49.0753996930356209,55.4155847715332541)	693 Brett Port	South Davidbury, ND 66559	9
696	(49.4451866316193573,56.2818841005350947)	706 Brenda Point Apt. 052	Sharonshire, VA 07437	8
697	(49.1173092519370442,55.3343916248403644)	38987 Antonio Mews Suite 647	East Jerryport, WY 21355	10
698	(48.8349658428114992,55.847180443915029)	16822 Jeremy Circle Suite 394	Hannahtown, AZ 27743	9
699	(48.7561269372790846,56.0046555115910607)	31863 Michael Shore Apt. 014	West Brian, WY 39772	7
700	(49.0409353358606737,56.3078885410431553)	26810 Thomas Creek Apt. 676	Medinaland, KY 74666	9
701	(49.3850221870289019,55.8550219780858086)	273 Harry Light Apt. 403	Brianmouth, UT 50878	8
702	(48.8990671204221243,55.8409641253294566)	0179 Richard Center	Bensonchester, CT 42501	10
703	(48.7832180364745085,55.9131187750235057)	661 Harris Overpass	North Alexville, KY 77684	12
704	(49.0871281902078636,56.0814389244522218)	8146 Cheyenne Estate	Vanessashire, TX 80544	9
705	(49.0326543858748067,55.6972235185691744)	95385 Hannah Junctions	South Danielhaven, WA 37252	10
706	(48.646741542763408,56.1157872553988)	11850 Booth Haven	Thomasshire, DC 74172	7
707	(49.1216598347584466,55.4901644068698658)	2751 Miguel Parks Apt. 035	Cassidyton, NH 73049	10
708	(49.4416711773727684,55.4059377355283615)	00029 Roberts Overpass	South John, CO 45758	9
709	(49.2957398140436567,55.5139951109235454)	44120 Kelly Lane	East Amandaside, DC 55750	9
710	(48.6515693546521462,56.1823245725614413)	71128 Hanson Street	Lake Georgeton, PA 70084	7
711	(49.1953023588165337,55.4420953367119225)	62355 Stephenson Pines	Lake Destinystad, WI 12846	11
712	(49.0131874657586977,56.2011352266232365)	Unit 8169 Box 4565	DPO AP 77881	8
713	(48.7760366156257277,55.5364979764494322)	33310 Vance Lakes	Brittanyview, MO 61996	10
714	(48.6118018789033712,56.0871127074867175)	116 Jason Isle	Port Jacquelineside, CA 41691	9
715	(48.889056922888507,56.1289683524132528)	93967 Alison Tunnel	Keithfurt, NH 59808	8
716	(48.7856304535312404,55.6272870900440779)	29322 Burns Mission Apt. 593	Lake Kyleborough, MD 74674	12
717	(48.9540312944512337,55.6657323723769153)	9632 Jennifer Centers Apt. 376	West Scott, IA 85223	8
718	(49.2715465114068394,55.5806055569225492)	PSC 5989, Box 2476	APO AE 68504	8
719	(48.8733532288802337,55.3741353911985428)	019 Wagner Flats Suite 644	Wrightport, VA 97074	8
720	(49.3408264699315495,55.5801252076600178)	085 Hayley Springs Suite 145	Lopezbury, WY 97030	7
721	(48.6398909539774777,56.1220826243065432)	0002 Rogers Trail	Kimberlymouth, MN 94347	12
722	(48.6528980760050871,55.444756256959586)	11690 Cervantes Courts Apt. 432	New Justin, WA 81590	8
723	(49.3384187823720097,55.3429762240013332)	92770 Jacob Grove Suite 935	Daniellefurt, WV 71663	9
724	(48.7703660645680444,55.3573187847327404)	23001 James Port	Harrisbury, AL 70938	10
725	(49.4582095881333501,55.9219043552516411)	949 Ware Islands Apt. 599	New Danielleland, SD 83261	10
726	(49.2737198708360822,55.8581549305389089)	21060 Nichols Fields	Whiteview, MD 38951	11
727	(48.6055113129942669,56.1094217403125697)	0987 David Manors Suite 835	Dylanside, DE 60557	7
728	(49.4721905964228768,55.5968319748436031)	82258 Mark Summit	Port Alantown, AZ 22101	11
729	(48.900107790042,56.1810506864900816)	63437 Hicks Run Apt. 166	Millerhaven, CA 91176	9
730	(48.5709979860153496,55.8905671827152233)	568 Austin Meadow	Port Kelly, OK 03454	10
731	(49.0576231606979718,55.8377463230057103)	167 Carpenter Field	Fostermouth, AZ 13004	10
732	(49.3248723072616002,55.6309028296737935)	5664 Suzanne Plaza	New Adamview, MN 69812	10
733	(48.7012266002527028,56.1817364831869313)	6181 Fox Crest	South Melissaview, CT 61835	7
734	(49.2192012519258739,55.3978396754143461)	021 Thompson Fords	Jacobville, OK 45755	11
735	(48.9597617188629144,56.247480887482169)	90013 Garcia Plaza	North Darrell, OH 29355	10
736	(49.3987734811364376,56.1504139077795656)	25030 Rosales Mountains Suite 620	Wilkersonland, RI 20501	12
737	(49.2849258042013076,55.6431375555200205)	7002 Wilson Point	Port Julian, NY 78655	11
738	(48.9369107912810151,56.0537299510328992)	07782 Walton Wells	West Calebchester, WA 72574	10
739	(48.8947744487726084,55.3999232674593998)	Unit 6946 Box 7388	DPO AA 76805	8
740	(49.4647549046651207,56.2601520711403253)	64066 Sean Shores	Lake Andrew, IA 73102	8
741	(49.5013517160804284,55.8700228875271563)	0241 David Springs Apt. 017	Julieside, SC 23744	12
742	(49.4862923800894734,56.0601102536669345)	511 Hutchinson Lodge Suite 654	Evansbury, KS 45626	12
743	(48.8709604568334939,56.2768556651568943)	81884 Breanna Bypass	Nelsonberg, OH 23441	10
744	(49.0703577778219753,55.8957550991177428)	9894 Natalie Cliffs	Kevinfurt, IN 63688	10
745	(48.7257772385454402,55.7621145241860177)	7874 Thomas Road Suite 344	West Austin, OH 15819	11
746	(49.3954201756953353,55.3491771895121687)	47475 Kayla Bridge Apt. 310	Padillabury, WV 69650	9
747	(48.6138897872843927,55.9598244949225645)	3214 Jennifer Radial Suite 004	Timothyshire, UT 75795	7
748	(48.8885301459119574,56.2289435906980586)	96892 Lynn Key Suite 304	South Todd, MA 99264	12
749	(48.6886082983088073,55.4257567271157399)	Unit 2744 Box 9362	DPO AP 33828	7
750	(48.7276942900307262,56.2766350183532822)	PSC 6825, Box 4964	APO AP 54732	7
751	(49.1027574761148315,55.5244639975187155)	999 May Village Suite 582	North Rachelhaven, LA 02049	10
752	(48.5742863559715801,55.3384239337171309)	881 Melvin Skyway	Jamesshire, IA 97107	7
753	(48.8885790979298207,56.2191047638349488)	24990 Mitchell Lodge	North Destinyton, NH 74668	7
754	(48.6624645678761638,55.5592325947291812)	01129 Yang Row Suite 816	South Dylan, OK 69614	7
755	(48.8654488652779406,55.9005178661484976)	60679 Lambert Court	Port Eddie, IN 30802	7
756	(48.9371590757741473,55.4131678981206264)	2834 Patrick Plains	West Ryanmouth, TN 96416	7
757	(48.7410286800475063,55.48824168005914)	7787 Stone Court Suite 748	Lake Jesus, DE 65387	11
758	(49.3446696309653206,56.1012433295617754)	Unit 7204 Box 7882	DPO AE 38123	10
759	(48.8337879576231799,55.7085975214126208)	94177 Tracey Bridge	South Steven, OK 65345	11
760	(48.850891890890864,55.4562528423224776)	15828 Holmes Courts	West Ronaldshire, IN 82380	7
761	(49.1672569527029211,55.5922040323604065)	7022 Jeffrey Lodge Suite 097	Lake Douglas, AR 57142	11
762	(49.0665636747671741,56.2141777531363047)	48965 Green Course Suite 335	East Reginald, CA 17433	12
763	(48.6566394056852545,55.9747378059697169)	9770 Paula Lodge	South Rebeccachester, MI 23746	12
764	(48.9340869914503926,55.529346928319427)	5779 Rivera Burgs	Brownshire, CA 62576	8
765	(48.6278684635471024,56.2517297674427894)	98477 Turner Forest	Bergerborough, GA 54358	7
766	(48.9751822108110915,55.660593850971793)	966 David Corners	New Alexandraview, SC 04148	12
767	(48.8168593152678838,56.038056246032184)	23729 Bryant Summit Apt. 481	Edwinchester, MN 86350	9
768	(48.9711530421855983,55.6477590057366882)	543 Daniel Station Suite 295	New Davidborough, ME 20250	10
769	(49.4685225150563639,55.4758124805946906)	USCGC Franklin	FPO AA 04591	9
770	(49.0807115225217885,55.3634376525489103)	346 Spears Causeway Suite 961	West Juliatown, IA 62963	10
771	(49.4018720777756215,55.8056126120284262)	USNS Young	FPO AA 77800	12
772	(48.9819382225941666,55.4142637938784759)	76054 Randall Isle Apt. 945	North Donnaview, NE 95120	10
773	(49.3089145449152895,55.992653516662898)	9422 Sanders Cove	Timothyborough, HI 88963	12
774	(48.950021881435184,55.7058524142332772)	095 Mckinney Cape	Lake Andrewmouth, CT 71087	11
775	(49.3930346473141739,55.7158455967725814)	14573 James Village	Lake Steven, DC 41799	10
776	(48.8546628823590154,56.1677534742722102)	6433 Kevin Center Suite 548	Rachelville, NV 61480	9
777	(49.2331368322867533,56.1125967485679169)	1981 Stephens Spur	New Timothyfort, NE 35014	11
778	(48.9369941753547266,55.4398004017917927)	17111 Vazquez Plaza Apt. 787	Lake Danielburgh, AZ 30363	7
779	(48.754241920613822,56.0685412453727494)	346 Justin Valley	Wesleymouth, IA 88778	7
780	(48.7802886608906121,55.7924092694873082)	82642 Hernandez Run	West Christopherfort, MT 00666	12
781	(48.9931072187973413,56.1848258645634431)	35374 Wilson Ford Apt. 734	Garciachester, AK 71897	12
782	(49.4555035315907929,56.3241914051382224)	453 Phillips Squares Apt. 469	Faulknertown, AL 81744	10
783	(49.0314495169399223,56.3185684991318993)	434 Collins Inlet Apt. 755	Port Michael, CO 56749	9
784	(49.4857659250676321,55.5554570040135332)	7226 Love Drives	Katrinaville, SC 92714	8
785	(49.1142282847650407,55.3920834235379971)	7197 Smith Cove	Navarroborough, NC 71328	8
786	(49.4858289600060104,56.2935125444660969)	PSC 3268, Box 3376	APO AE 74173	11
787	(49.020193109582145,55.7466381193161808)	1069 Jeffrey Summit Suite 714	Debraborough, IL 06072	7
788	(48.5867382872772566,56.002941624813964)	08682 Cynthia Tunnel Apt. 748	Daveville, SC 47476	9
789	(49.2877783626782744,55.8478393799636379)	3855 Kimberly Pass Apt. 916	Huntfort, AK 40360	9
790	(49.0685073610745093,56.0964450378046138)	7735 Tucker Cliffs Suite 117	New Ashley, NC 68212	9
791	(48.9276863040489758,55.9075331703643883)	USCGC Hanson	FPO AP 07477	9
792	(49.0847199426819785,55.9006944833755242)	08334 Sherri Mews Suite 171	Allenmouth, NH 89794	11
793	(49.5490317222792243,55.4922650949472711)	7155 Christine Pine Apt. 327	East Omar, NV 02222	10
794	(48.8349507569089454,56.1031442647824221)	261 Smith Rue Suite 829	Hernandezview, NJ 87370	8
795	(49.5260588187632678,55.7070334594061052)	907 Nathan Ville Apt. 608	North Josebury, CA 38259	9
796	(49.2522476071915563,55.7138198042816768)	75728 Rachel Burg	Harrischester, CA 21996	9
797	(49.0718096897356162,56.2348974246187367)	36302 Laura Brooks Apt. 026	Clarkemouth, NV 41713	9
798	(49.3071390960860683,55.7356176941359109)	1720 Cassandra Knolls Apt. 360	Johnsonmouth, MN 35373	11
799	(48.8868116368539063,56.2052092366506812)	018 Mary Path Apt. 944	Simmonsberg, OR 87355	11
800	(48.6246205588909959,55.5810340373584921)	662 Steven Shores	East Christian, MI 36570	10
801	(48.9714885416054955,55.7992933743020743)	6091 Saunders Cliffs Suite 938	East Elizabeth, AR 74385	8
802	(49.4083141445682799,56.2692145253416172)	1998 Alexander Pike Apt. 841	West Pamela, IA 06931	10
803	(49.0500344985640382,55.4678334093445287)	4557 Lam Rest	Allisonhaven, WY 02701	8
804	(48.6858795199713015,55.3632975601086486)	632 Harris Branch	Marshallhaven, OR 41414	10
805	(49.0043070507739245,55.4017241709783761)	04971 Bill Garden	Christopherview, OK 18603	7
806	(48.8417771401916951,56.3151606675532861)	65488 Smith Springs	Laurieview, ND 86109	11
807	(48.8013973064219897,55.9665021499673472)	USCGC Morrison	FPO AA 66047	8
808	(48.8266798477953401,56.2616989232130322)	68376 Jane Lock	Lake Michelleborough, NH 51452	7
809	(49.0893955399342374,56.0514807494724963)	073 Wallace Key	Port Kyle, NV 76637	7
810	(48.9381664914820576,56.0146583818720813)	77231 Walters Lodge	Birdfort, NV 68831	8
811	(49.2897836587079894,56.1869318349654776)	0588 Brock Run Apt. 103	Port Daniel, NM 17645	12
812	(48.7646113913785442,55.9482761180719663)	5944 Gomez Common Apt. 147	Davismouth, MD 95343	12
813	(49.2337425701379203,55.8221735433571737)	17217 Robles Mountains Suite 962	Anthonytown, IN 24026	10
814	(48.9652008005886614,55.5619963271360078)	77791 Mooney Terrace	East Dakotafort, MD 95935	10
815	(48.7078372746923733,56.0571657647281256)	9351 Curry Crest	Juliefort, KS 86665	8
816	(49.4228704883989209,55.7753084921860562)	4775 Cook View	Blairfort, VA 04567	12
817	(49.0602861956066363,55.8112572637169393)	Unit 2751 Box 3907	DPO AP 69103	11
818	(49.5541914744660303,56.0371186314253222)	9395 Charles Roads Suite 556	Port Danielle, MN 74397	9
819	(48.7375903001699626,55.379650667573344)	47277 Natasha Square Suite 295	Alexton, WV 11529	12
820	(48.8796856962204487,55.3555819181389097)	3256 Ryan Mission Suite 994	West Jessica, MO 50468	12
821	(48.6082600793412638,55.7394567228754951)	94045 Diana Roads Suite 807	Jacksonport, LA 83166	12
822	(48.6161861600813126,55.6360740235468967)	0942 Williams Terrace	Hudsontown, IN 80178	10
823	(49.2569250041952174,56.0120899375610293)	USNS Washington	FPO AA 21575	7
824	(49.0187520170560376,55.9007415665150518)	PSC 9703, Box 9934	APO AP 18553	8
825	(48.5745431131030401,55.6677039478219271)	8205 Nguyen Fall Suite 252	Port Clarencemouth, HI 21672	12
826	(48.7075678778127781,56.0912250980605691)	3302 Walker River	South Jason, ID 23205	7
827	(49.3526428392081726,56.242055956921746)	90625 Campbell Island	Smithchester, TX 84135	7
828	(48.798558406639799,55.7896230962860074)	46440 Foster Meadow	South Crystal, MI 59758	8
829	(49.1605982985684093,56.098160297859117)	32696 Stephanie Pines	Rebeccafurt, NH 66298	12
830	(49.1214336676699546,55.7600226940557206)	0179 Hall Circles Apt. 265	Thomaschester, WY 00689	7
831	(49.3695500123840532,55.77106854691705)	7604 Glass Greens Suite 978	Williamsshire, MO 87937	8
832	(48.5941074030348119,56.1174619796580174)	8094 Houston Mount Apt. 565	Anabury, GA 09411	7
833	(49.4758773389045245,56.0969678915822598)	2091 Hoffman Stravenue Suite 835	North John, MI 60964	11
834	(48.9017100402668063,55.788206461470871)	757 Kristine Shores Apt. 711	Port Carl, MN 41368	12
835	(49.3383967199559805,55.6300089313030242)	90204 Parks Cliff Apt. 935	Sandraborough, NV 57375	9
836	(48.671960627446559,55.6217556553276893)	21266 Jonathan Extensions Apt. 838	Pruittport, VA 75522	10
837	(49.5160917762659096,55.5667458745247842)	2234 Brennan Fields	Stephensport, HI 03290	8
838	(49.1685699355887991,55.7832267709221128)	9988 Sydney Garden	Buckhaven, AK 82332	10
839	(49.3277312411758544,56.1084696562631891)	0513 Fields Springs	Port Tracie, KY 60433	7
840	(48.6795650330048488,55.4244529291090018)	00046 Price Dale	Jenniferfort, DE 51965	8
841	(48.8356653259398144,55.9536669707856191)	0549 Laurie Course	East Nicholasview, AZ 50973	10
842	(49.5372319456686299,56.2985503425194054)	9867 Hanson Forks Suite 154	Port Amber, DE 95044	7
843	(48.8724694393642451,55.8753385048155948)	67048 Miles Mills Apt. 180	Port Stephenfurt, PA 15291	12
844	(49.3577224532341603,55.7376900374926194)	262 Joshua Spur	Lake Leah, IA 76118	11
845	(49.0267473571448207,55.8746753996110641)	629 Sheila Key Suite 132	Smithberg, LA 16783	12
846	(49.1680175625797276,55.4464690649374532)	45584 Mendoza Ferry	North Austinberg, WV 76206	12
847	(49.1634996452407407,55.7192234436178637)	6759 Vicki Club Suite 878	Kaitlinstad, MI 67968	8
848	(48.9310296084831506,56.2486447668003464)	23926 Conner Cove Apt. 640	North Tylerbury, WY 16170	12
849	(49.5188985617644093,55.9922670497296195)	92288 Michelle Spring	South Karenland, UT 66335	8
850	(48.8541468667221963,55.6998095900350449)	9323 Angela Drive Apt. 195	South Jonathan, CA 22827	12
851	(49.0194668738742578,55.3448571034390753)	969 Jenna Island	Jerryborough, NE 72580	7
852	(48.9714290976120736,55.8059644202887952)	70576 Gregory Land	South Nicoleborough, NM 17884	10
853	(48.8324507783683686,56.1726936626747531)	3949 Shawn Gardens Suite 046	Bennettmouth, NH 11205	11
854	(49.0097243118166759,55.8868711748096985)	2848 Collins Cliffs Apt. 151	Laurashire, OR 19033	8
855	(49.3756107638070958,55.8303668422228085)	0350 Amanda Inlet	Lake Joseph, ID 06247	10
856	(48.9728428253242001,55.4377616874697523)	831 Greene Avenue	Port Jeffrey, VT 89921	8
857	(49.5364603852031706,55.5562585956308155)	269 James Forest	North Charles, CA 85871	12
858	(49.2322431684645139,55.3949030489888159)	8024 Harris Turnpike Apt. 682	South Cory, MD 19595	12
859	(48.6420311570085531,56.1530482171611496)	52476 Montes Course Suite 343	North Jennifer, NH 99048	10
860	(49.2011878522224961,56.0746241060430251)	723 Sherry Lodge	Port Joshua, HI 46315	9
861	(49.1783117881507224,55.6379509633874179)	USCGC Hodge	FPO AP 88795	12
862	(48.9147907106806201,55.4911045166363053)	798 Karen Ford	Sydneyfort, NJ 68249	10
863	(48.9025275472550121,55.9409740197851306)	97006 Haley Mews Apt. 666	East Gloria, GA 36959	12
864	(49.1438650027074928,55.7999256951010736)	9749 Renee Fields Apt. 897	Shanemouth, NE 10081	7
865	(49.1187528737800889,56.0320259975313704)	7118 Patrick Plains	Watsonville, CA 64080	10
866	(49.404735555635213,55.6868640936221766)	562 Gallegos Fields	Mccartyburgh, SD 21523	9
867	(48.7268963022351898,55.6398227413217015)	1281 Anthony Underpass Suite 223	North Kimberlyburgh, FL 86496	10
868	(48.9507193511959073,56.2540302804586361)	915 Levy Flat Suite 172	New Jorge, CO 88149	8
869	(48.6559351638401765,56.1470241313900686)	90636 Buchanan Alley	South Lucasland, ID 76696	10
870	(49.2358938983965544,55.9046374555147736)	236 Raymond Rue	Sanchezmouth, LA 83599	11
871	(48.926114885910188,55.8766326827905431)	87006 Glass Mill Apt. 638	East Suzanne, ND 05872	9
872	(49.1839117621392177,56.1973867947279047)	406 Walsh Vista	South Bradley, MI 56923	7
873	(48.695436684563937,55.6948665723599703)	424 Andre Brook Suite 349	Lake Theodore, WA 22015	9
874	(49.2500548054170864,55.9142062789680523)	USNS Chase	FPO AE 42085	10
875	(48.5865042416797124,56.2065310115708812)	6267 David Motorway Apt. 555	North Kimberlymouth, AZ 51723	12
876	(48.6318955774355146,55.6708120928733976)	6350 Jackson Run Suite 008	Hicksview, KY 71817	7
877	(49.0558462042610373,56.2511536040530231)	7058 Rodney Flat	North Melissa, SD 64707	9
878	(48.9360765289994575,55.9173754536751986)	50707 Morrison Squares	Montgomerystad, ME 34904	8
879	(49.2382938620122843,55.4055888610093277)	409 Baker Mews	Timothytown, DE 15285	10
880	(48.7224287186287555,56.2588210867621825)	385 Jeremy Shores Suite 107	Smithtown, CO 94647	7
881	(49.3453930089086938,56.0836395952943292)	95717 Ford Track	West Julieburgh, AK 67444	10
882	(49.5550113048955936,56.3091257360782649)	186 Johnson Plains Suite 894	Cervantesville, MO 16149	11
883	(49.4240055267384832,55.7545800526377491)	6062 Clark Glens Suite 810	Kathleenborough, MS 50306	9
884	(49.019054492598741,55.4798381639526355)	591 Glenda Camp	Wallaceland, IL 55722	9
885	(48.7894753839201272,56.2947457897167425)	38102 Nancy Way	Andersenstad, WA 25499	8
886	(48.7684933633952511,55.7722375507615737)	458 Garcia Dam	East Jennifertown, MO 05117	9
887	(48.9737272649459925,56.0499165848965433)	520 Joseph Ridges Suite 349	Breannaside, WY 07964	10
888	(49.2071312798795404,55.7619607325612421)	68219 Sonya Spring	West Ryanside, RI 71063	12
889	(49.1617401619678205,56.0710251818249432)	086 Andrea Tunnel Apt. 764	Bradytown, NE 05129	7
890	(48.8991985418329236,56.1691013561659531)	9229 Carla Radial Suite 702	North Eric, FL 44475	9
891	(49.0021995741129146,55.8720478538585894)	72420 Anderson Mountains	Millermouth, NE 13854	11
892	(49.2382755923884901,55.8944840138080608)	484 Jorge Plains	North Coreyton, NV 96942	11
893	(48.6141758563130466,55.8242901392131827)	7281 Troy Extension Suite 502	South Michaelmouth, NE 68641	8
894	(49.5319747622426974,55.9677461324076191)	39841 Andrea Walks Suite 468	Jessicamouth, VA 28425	8
895	(49.439311375574583,56.1726042477540872)	094 Thomas Camp Apt. 081	Kaylafort, WV 32384	12
896	(49.1416493313946035,55.9292893535754487)	USCGC Wilson	FPO AE 93682	8
897	(48.8172456100942895,55.8465650206727773)	66316 Kelley Corners Suite 738	Ortizbury, VT 11463	7
898	(49.49845455604531,56.2666599716656251)	4233 Conway Pine	North Laura, WY 36224	8
899	(49.2450928143408433,55.5356326352166363)	879 Torres Mews Apt. 872	Lake Jesse, OR 49516	9
900	(48.8360434984355649,55.6095710485799088)	58973 Joshua Pines	Jimfort, WA 59470	8
901	(49.1679405845523334,56.2586079305351561)	6070 Jason Meadow	Smithfort, NV 24355	9
902	(48.9386608458696912,55.8086892382269255)	2247 Grant Overpass	West Cory, MD 00523	12
903	(49.4113530965147518,56.2217041329771092)	31585 Brown Extensions	Evansville, CA 32305	9
904	(49.5312100491537564,56.2938861814465312)	328 Theresa Ports	West David, WA 91317	11
905	(49.0130365689813274,55.3771567605899122)	Unit 3278 Box 7921	DPO AE 52576	10
906	(49.5349272702296872,55.7778252986305105)	3486 Kristin Terrace	Maxwellfurt, HI 23529	7
907	(49.1391753988972368,55.6192253870481323)	230 Bolton Glens Suite 926	Simsfurt, NY 37488	10
908	(49.2567913574898668,55.5421343524253786)	Unit 4523 Box 3933	DPO AA 36930	12
909	(48.9271518632141138,55.6797141844856398)	24142 Stevenson Meadows	Port Meganborough, OH 67009	10
910	(49.3318394155041204,55.3561178220103827)	508 Stewart Locks	Charlesview, IA 33574	9
911	(48.7097223210764625,55.9179688588928769)	785 Robinson Park Suite 868	Georgeton, WI 31840	8
912	(49.5118455701964706,55.7805829205269674)	3941 James Road Suite 811	Williamton, AZ 65659	9
913	(49.2716754306092284,55.3640097523023869)	92174 Gregory Course	Christophermouth, ME 72605	11
914	(49.0472165880910396,56.1887077873201974)	828 Calderon Lights	Kathrynport, CA 79225	10
915	(49.3795469169208516,56.0578222006108433)	975 Reginald Tunnel Suite 927	East Melissa, VA 99825	9
916	(49.5594844160879688,56.2411066631488694)	162 Goodwin Vista	Port Lori, VT 68208	11
917	(49.2863454097835785,55.3992482238296944)	70115 Kelsey Stravenue	New Aprilton, SC 69839	10
918	(48.9549302030609255,55.6623021932538578)	91611 Russell Greens Apt. 132	East Victoria, ND 82360	11
919	(49.3777840447426755,55.9275391991872937)	823 Regina Harbors Suite 942	North Bradley, OH 26390	10
920	(49.0127781105246285,56.0843733110990712)	3773 Sara Extensions	Crawfordview, MD 67714	12
921	(48.977156162640874,56.2571436774598439)	Unit 4587 Box 4666	DPO AA 37739	8
922	(48.9521351801984181,56.1369058934407192)	5923 Erica Drive Apt. 415	West Matthew, TN 10804	7
923	(49.0192008430619595,55.9038321024973115)	491 Johnson View Suite 944	Rebekahmouth, AR 67924	12
924	(49.5227998367764144,56.2338466495996556)	42555 Garza Fords Suite 977	Elizabethstad, DE 57646	7
925	(49.1901235216874113,56.097143691855436)	0088 Vargas Viaduct	Paulaport, FL 70361	7
926	(49.5399348933129602,55.4430813141579506)	USNV Jones	FPO AP 75155	8
927	(49.0667925175415007,55.4568272596150109)	89221 Reynolds Pass Apt. 264	New Ashley, VA 22560	7
928	(48.9910385546786529,55.3819998352251943)	22228 Elizabeth Track	Fitzgeraldport, ND 66152	11
929	(49.0582802003114651,56.2171058695277424)	0559 Paul Mount	West Jeffreyland, NM 60492	8
930	(49.5187212582098226,55.87299433967722)	9327 Donna View	Galvanland, ID 92242	9
931	(49.1062184378411501,55.686491072482319)	04673 Erica Summit Suite 236	Clinefort, TN 66483	8
932	(48.6731560247386881,55.9595633762042866)	48921 Collins Coves	North Jesse, AL 51475	8
933	(49.0162786197799534,56.1389282951475934)	PSC 0229, Box 1372	APO AE 16749	7
934	(49.3784574152240836,55.5603869979402489)	0400 Curry Forks Apt. 671	Clarkmouth, PA 35926	10
935	(49.191486416571756,56.1608695611239668)	2755 Perry Shoals	Perryfurt, VA 58603	9
936	(49.1297414295520909,56.1851545418884797)	2323 Ryan Rapid	North Seanburgh, IA 54921	10
937	(49.0072298718221475,55.825639893501986)	93357 Guerrero Parkway	Vegaside, GA 36093	9
938	(49.3602048272839653,56.2673559341728691)	561 Kelsey Drives Suite 194	Lake Erika, MD 64035	8
939	(49.3188677313668151,55.8566230956099119)	996 Robert Extension	Williamview, GA 22266	7
940	(48.7211301547054418,56.0963773815217834)	2720 Torres Well Suite 448	Julieborough, NC 67957	9
941	(48.5781786512086455,56.0613865742884343)	68475 Shaw Pike	Jacquelinestad, KS 01551	12
942	(48.6811355739239389,55.6834529250805943)	120 Simon Freeway Apt. 617	East Suzanne, LA 56580	7
943	(49.3978775771688561,55.613919321998587)	647 Kara Road Apt. 143	New Michaelland, NC 04499	7
944	(49.5370444511049826,55.7869257734380781)	479 Kelly Gateway	Wilsonfort, SD 36314	10
945	(48.9935631896322619,55.6707151961569835)	PSC 1676, Box 6453	APO AP 45752	9
946	(49.1914891661315821,55.8987687923369663)	9068 Tracy Greens	Lake Ashley, OR 79648	10
947	(49.494240795391498,55.6771919956441295)	3396 Nicholas Mountain Apt. 967	Carpenterborough, AK 77837	8
948	(49.0606460536392177,55.579268577798608)	91831 David Roads Apt. 908	Matthewville, KY 58224	7
949	(48.8667944643909991,55.4328804615014192)	3727 Christopher Tunnel	North Kenneth, NM 69140	8
950	(49.1955518463236601,55.741856345991792)	53898 Phillip Ranch Suite 472	New Sandra, MT 76915	10
951	(48.8804466515671123,55.3442744915142697)	33786 Johnson Plains Suite 993	West Garrett, OR 13626	10
952	(49.0156455982238697,55.9483090833551273)	4561 Ryan Via Suite 370	Lake Victoriatown, GA 09907	8
953	(49.4594994168247268,55.9582589650488558)	55763 Kayla Gardens Apt. 039	Davisside, WY 95691	9
954	(49.305759310027149,55.8919328926478869)	90082 Underwood Club	Nicholaston, MA 95549	8
955	(48.6825730808548371,55.3890151139060123)	USCGC Jones	FPO AA 40777	9
956	(49.0749328124633664,55.5514738120702418)	USNV Stewart	FPO AA 58337	10
957	(48.9416518011948227,55.9200470410171135)	5062 Martin Streets	Thomasville, HI 09664	8
958	(49.0066009633583235,55.6124779592514358)	903 Kelly Divide Suite 665	Coxchester, MI 20236	11
959	(49.1609187918800927,55.7836229307608278)	0012 Ann Place	Vanessahaven, IN 54880	12
960	(48.66343616192637,55.3348846774203551)	Unit 9387 Box 2542	DPO AA 53173	10
961	(48.5984995185843047,55.7555455104541764)	80531 Castillo Pike	North Thomaston, NV 27721	11
962	(49.170472731761258,56.1451688383507985)	PSC 9120, Box 6583	APO AP 96748	11
963	(48.8818498510516974,56.0534450817786052)	530 Mendez Roads Apt. 234	Lake Brittany, NJ 64620	11
964	(49.1584324884511261,55.7815739429217317)	9325 Ortega Inlet	Pierceland, OK 62030	11
965	(49.1037766845883041,55.6132973763849563)	34598 Montgomery Common Apt. 074	West Richardstad, KS 53446	12
966	(48.8429390864277764,56.2054772596320191)	27967 Dominic Lakes Suite 132	Vaughanland, UT 26645	11
967	(49.3839390190395804,56.0783450694705223)	94522 Stone Ridge Suite 578	Crystalfurt, KY 78485	11
968	(48.6533432470096798,56.2852763849507269)	993 Robert Radial Apt. 099	West Jimmyview, NY 46579	9
969	(49.5233652916325582,55.8694547905989012)	145 Wendy Alley	Mistyfort, AL 50911	10
970	(48.9343352314909197,56.016809028192931)	8661 Anderson Trafficway Apt. 317	South Samuelfort, AR 82615	7
971	(49.492021618061905,55.8145310635924048)	78099 Evan View	Brownhaven, NE 38130	7
972	(49.5341251099207724,55.8286567039493491)	74883 James Road	Colemanmouth, MA 77830	9
973	(48.8427012635185065,55.783932071080244)	941 Smith Gateway Apt. 981	Alexanderport, TN 72082	10
974	(48.7362264248963442,55.4111771357881935)	198 Becker Vista	Paulstad, CT 94486	11
975	(49.1597233264831672,55.5052385596305697)	26170 Ruben Parks Apt. 680	Potterfort, AK 40382	7
976	(49.4133547796249957,55.5448622728561148)	7230 Lewis Mountain	West Nicolehaven, LA 03184	8
977	(49.2883197656720142,55.7636449309580939)	Unit 1956 Box 8157	DPO AP 13013	9
978	(49.2601230703243189,56.0577868836501807)	7367 Gonzalez Place Apt. 634	Jessicaburgh, MO 53726	11
979	(48.6476442196595542,56.1496827978466442)	1906 Gregory River	South Lori, CO 14822	12
980	(49.2352939507107195,55.9993660128762016)	USNS Gill	FPO AP 26280	10
981	(49.13560866259958,55.838556542978516)	451 Bradley Square Apt. 432	Vanessaburgh, UT 80330	8
982	(48.9186218577731111,55.4187947903097751)	9130 Estrada Ridges	Harrisburgh, NE 25489	8
983	(49.3425368202462167,56.0961900775631506)	611 Christina Hollow	Lake Hannah, MA 38341	12
984	(49.1029520896722218,55.3846085155314967)	PSC 4954, Box 9801	APO AE 35074	7
985	(49.3560146005778506,55.7565721968889534)	065 Natasha Mill	East William, VT 84011	8
986	(48.7797979252271077,56.1135025183085716)	Unit 8507 Box 7808	DPO AE 32006	10
987	(48.6264378500709427,56.0583271445899669)	24234 Cobb Prairie	South Judy, ND 51271	8
988	(48.9820840713304264,55.940447726245182)	3532 Curtis Trail Apt. 113	East Michaelmouth, VA 52394	11
989	(48.6978011020629609,56.0629888251949708)	26541 Ashley Via Suite 950	South Christinafort, AR 59583	9
990	(49.4798557707315609,56.1529991623594498)	USNV Martin	FPO AP 78133	7
991	(49.1275495797237198,55.3441880746876009)	713 Taylor Forge Suite 663	Port Davidtown, TX 16023	11
992	(49.3766796653023832,55.4489240657202984)	56142 Kaylee Rest Suite 201	North Judithbury, NY 80260	11
993	(49.411887526781598,55.6481967795745973)	15930 Shea Forest	Port Michael, CO 52883	11
994	(48.9919327424237352,55.6300526798696282)	5196 Julie Mission	Adamfort, TX 82626	8
995	(48.665125020462014,55.9934768244052492)	79837 Smith Plaza	Tonyaport, AR 47503	10
996	(49.1487560511332475,55.6570604866784393)	USCGC Johnson	FPO AA 60076	9
997	(49.3463687605461416,55.6450170310407302)	545 Lang Courts	Port Billy, NM 17317	12
998	(49.1552900988734223,55.719346969828571)	02180 Stephanie Port Suite 308	New Travis, SD 96742	12
999	(48.566715516564777,55.7294789631787495)	41775 Cory Villages	Haydenstad, MI 02050	12
1000	(48.7993860140671885,55.460951022327599)	94270 Smith Squares	Jonesfort, CO 58996	11
\.


--
-- Data for Name: car; Type: TABLE DATA; Schema: public; Owner: dmd_high_grade_pls
--

COPY public.car (id, vin, is_online, socket_type_id, color, plate, created_date) FROM stdin;
1	0DESC14CO285630	f	1	white	Market spa	2018-11-26 18:43:59.066572
2	7CARE13FI226534	f	3	super-white	Run knowle	2018-11-26 18:43:59.071844
3	6TELL13SI163740	t	3	super-white	Term end t	2018-11-26 18:43:59.077813
4	9SEND18NO657508	t	2	white	Discussion	2018-11-26 18:43:59.082997
5	4PROD18AL131853	f	2	white	Every cult	2018-11-26 18:43:59.088597
6	1PEOP17TH915723	f	3	white	We conditi	2018-11-26 18:43:59.093023
8	0TURN17SE594082	t	1	red	Way office	2018-11-26 18:43:59.104773
9	7RESP14ON125945	t	1	blue	Center the	2018-11-26 18:43:59.109528
10	4MODE17SO233476	t	2	red	Prove true	2018-11-26 18:43:59.114665
12	2ONCE12ED311883	t	3	red	Who hand l	2018-11-26 18:43:59.125205
13	8ORDE19LA953717	t	2	white	Democrat t	2018-11-26 18:43:59.129765
14	5LEAV15AT794584	f	3	blue	Ever sound	2018-11-26 18:43:59.138567
15	2RADI11IN546001	t	1	blue	Rule anima	2018-11-26 18:43:59.143406
16	5CHAN17EY723391	t	3	super-white	Way discus	2018-11-26 18:43:59.14751
17	7ALMO18AT222999	t	3	super-white	Population	2018-11-26 18:43:59.15337
18	6NOTE15WH813272	f	1	white	Wall child	2018-11-26 18:43:59.159568
19	8DAUG16HA417955	f	3	red	Prevent gu	2018-11-26 18:43:59.165806
20	7ADMI16DU161731	f	1	red	Culture st	2018-11-26 18:43:59.172445
21	1ENOU13GR942602	f	3	super-white	Station se	2018-11-26 18:43:59.177333
22	3OFFE15SI164965	t	3	white	Successful	2018-11-26 18:43:59.18296
23	2LIVE19BA917312	t	2	white	First char	2018-11-26 18:43:59.188706
24	2TV P12CO376732	t	1	blue	Church car	2018-11-26 18:43:59.192945
25	9ACCO11LI874321	t	3	blue	Reach degr	2018-11-26 18:43:59.198694
26	9FORM19SE964207	t	2	red	Rock easy 	2018-11-26 18:43:59.204223
27	5FROM18IS408746	t	3	white	Thing deta	2018-11-26 18:43:59.208796
28	0HOPE10EI280444	t	2	blue	Message gr	2018-11-26 18:43:59.212722
29	6WATC20RE408978	t	2	blue	Some direc	2018-11-26 18:43:59.218426
30	0CLEA14AC999870	f	3	blue	Mission de	2018-11-26 18:43:59.224277
31	3AMER17LA699410	t	1	red	Wonder rev	2018-11-26 18:43:59.228129
32	5WOUL13ME248244	t	2	red	Indeed fir	2018-11-26 18:43:59.232541
33	6ENTI15AS202808	f	3	super-white	Ball adult	2018-11-26 18:43:59.237632
34	1EXPE14MR497693	f	3	white	Structure 	2018-11-26 18:43:59.244241
35	5AUTH14DE549855	f	1	red	Suggest bu	2018-11-26 18:43:59.248085
36	9LAY 19IT571604	f	2	super-white	Increase o	2018-11-26 18:43:59.252819
37	3FEAR19CA750055	f	2	red	Wish posit	2018-11-26 18:43:59.25685
38	0WHY 16PO464610	f	3	super-white	Yet relati	2018-11-26 18:43:59.262642
39	1AFFE15RE343025	t	1	blue	Total food	2018-11-26 18:43:59.266916
40	9GARD16LO543270	f	3	red	Sure certa	2018-11-26 18:43:59.272634
41	0PROV13BE548378	f	2	white	Those lawy	2018-11-26 18:43:59.277167
42	5SPEA13AL844603	f	3	white	Hit parent	2018-11-26 18:43:59.281377
43	5GO F16JO751617	t	3	super-white	Lead repor	2018-11-26 18:43:59.288448
44	6PAST19AB603509	t	1	super-white	Brother ei	2018-11-26 18:43:59.292654
45	9OWNE19NE303264	t	1	blue	Social amo	2018-11-26 18:43:59.296796
46	8THER15NA448643	f	3	white	Artist cit	2018-11-26 18:43:59.303036
48	4PRES18RE968812	t	3	white	Art purpos	2018-11-26 18:43:59.313677
49	8MOVE15QU254658	t	3	blue	Informatio	2018-11-26 18:43:59.317765
50	5ABIL16BL396937	t	2	super-white	Informatio	2018-11-26 18:43:59.321446
51	7COMM12FE837649	t	4	red	Hand four 	2018-11-26 19:05:02.705942
52	3NOT 16BE471613	t	4	white	Me hospita	2018-11-26 19:05:02.71017
53	0LIST10IF266096	f	5	red	Community 	2018-11-26 19:05:02.714075
54	0EXEC12DI377042	t	6	white	View if so	2018-11-26 19:05:02.719719
55	5CUP 17SI364370	f	5	blue	Particular	2018-11-26 19:05:02.723992
56	8ABOU14UN184421	t	6	blue	Official p	2018-11-26 19:05:02.727466
57	3GOVE14TH449310	f	6	super-white	Yes whatev	2018-11-26 19:05:02.732305
58	2BAR 13AG100507	t	5	red	Happy thre	2018-11-26 19:05:02.736224
59	9ROLE17TE186195	t	6	red	Difference	2018-11-26 19:05:02.742637
60	5DESI17UN266396	f	4	blue	Meet real 	2018-11-26 19:05:02.748372
61	8FEW 18MA346072	t	5	white	Informatio	2018-11-26 19:05:02.752048
62	1REPO14HA981458	t	4	white	Even throw	2018-11-26 19:05:02.756144
63	2DARK12HI386902	t	4	super-white	Offer crim	2018-11-26 19:05:02.759873
64	1CHAN10DR280091	t	4	blue	Fill tax b	2018-11-26 19:05:02.767274
65	6LATE18PL969047	t	5	blue	Explain no	2018-11-26 19:05:02.771438
66	4BOY 16DO285278	t	5	red	Look poor 	2018-11-26 19:05:02.776258
67	5RANG20MI213845	t	5	white	If take en	2018-11-26 19:05:02.780362
68	0AND 19CE674740	t	5	white	Whatever w	2018-11-26 19:05:02.787356
69	1ONLY15SE200680	t	5	white	Future fro	2018-11-26 19:05:02.792826
70	6FUND17LI546064	f	4	red	One across	2018-11-26 19:05:02.798208
71	1FOUR18ST106063	f	6	blue	Time from 	2018-11-26 19:05:02.803375
72	1QUES11TR900796	t	6	blue	School han	2018-11-26 19:05:02.809486
73	9REST19OP612721	t	5	white	Fish final	2018-11-26 19:05:02.814543
74	2THRO16EA240155	t	5	white	Rate ago d	2018-11-26 19:05:02.818229
75	0POIN14MI761052	f	4	red	Yes recogn	2018-11-26 19:05:02.822144
76	2CENT12ST450283	t	4	red	Now may th	2018-11-26 19:05:02.827406
77	9THRO14EX544424	t	4	super-white	Bag though	2018-11-26 19:05:02.833223
78	6CULT11WH979555	f	6	white	Exactly wh	2018-11-26 19:05:02.836987
79	6PHYS17NA777113	t	4	super-white	Science la	2018-11-26 19:05:02.841177
80	4HEAR15KI759894	t	4	red	Indeed fin	2018-11-26 19:05:02.845142
81	4TEN 14LI939564	f	6	blue	Billion PM	2018-11-26 19:05:02.851847
82	9INST16CO344630	f	6	red	Election s	2018-11-26 19:05:02.856066
83	3HAND13RE366729	f	6	white	Story take	2018-11-26 19:05:02.860666
84	2PULL14HI174373	t	4	white	Voice and 	2018-11-26 19:05:02.865049
85	5AMON17GO899834	f	6	super-white	For appear	2018-11-26 19:05:02.869144
86	0RECE13VA275752	t	6	white	Perform aw	2018-11-26 19:05:02.8745
87	6HUGE15PO243893	f	4	super-white	Task under	2018-11-26 19:05:02.878628
88	8DAUG15AB128688	f	5	blue	Church lon	2018-11-26 19:05:02.884308
89	6QUES16CA129812	f	4	super-white	Serious we	2018-11-26 19:05:02.888192
90	0PREP19EY233017	f	6	super-white	Strong lea	2018-11-26 19:05:02.894098
91	3ARM 11IS965546	f	6	blue	Television	2018-11-26 19:05:02.899864
92	7STOC12HO936210	f	4	blue	One throug	2018-11-26 19:05:02.904876
93	4WIFE10CO275114	f	6	blue	Degree hea	2018-11-26 19:05:02.910241
94	5BUSI14YO366759	f	4	super-white	Worker up 	2018-11-26 19:05:02.918137
95	7BEHA18LE383814	t	5	super-white	Ask Republ	2018-11-26 19:05:02.923615
96	8TOO 11SE855074	f	4	blue	Only actua	2018-11-26 19:05:02.928409
97	1AS M15OP108247	f	6	blue	Owner lawy	2018-11-26 19:05:02.934311
98	1A IN14AF878485	f	6	red	Talk such 	2018-11-26 19:05:02.941141
99	5RISK12DA164685	f	6	white	Include I 	2018-11-26 19:05:02.945114
100	7FOOD15RU501909	f	4	blue	Friend inv	2018-11-26 19:05:02.950089
47	4COUL19ON559068	t	3	red	ANpply trav	2018-11-26 18:43:59.309386
7	1WITH19RO315383	f	2	red	ANny plant 	2018-11-26 18:43:59.097823
11	1CUT 11DA386333	t	2	red	ANccept pre	2018-11-26 18:43:59.120367
\.


--
-- Data for Name: car_order; Type: TABLE DATA; Schema: public; Owner: dmd_high_grade_pls
--

COPY public.car_order (id, order_id, car_id) FROM stdin;
\.


--
-- Data for Name: car_part; Type: TABLE DATA; Schema: public; Owner: dmd_high_grade_pls
--

COPY public.car_part (id, name, price) FROM stdin;
1	Jennifer King	53
2	Andrew Lucero	86
3	Anna King	61
4	Leslie Thomas	77
5	Maria Coleman	99
6	Nicole Harris	24
7	Jason Hughes	9
8	Jeffrey Norman	96
9	Gary Martinez	74
10	Lauren Blanchard	20
11	Megan Anderson	80
12	Matthew Cole	83
13	Audrey Lynch	8
14	Charles Hall	62
15	Rebecca Graham	44
16	Nathan Barnes	21
17	Mr. Phillip Schneider Jr.	48
18	Ronald Wall	93
19	James Rogers	72
20	Tina Bennett	3
\.


--
-- Data for Name: charging_station; Type: TABLE DATA; Schema: public; Owner: dmd_high_grade_pls
--

COPY public.charging_station (id, price_per_hour, address_id, max_time_for_charging) FROM stdin;
1	17	113	6
2	11	311	5
3	13	474	7
4	10	268	2
5	16	407	7
6	20	411	2
7	6	183	3
8	17	121	4
9	13	168	6
10	10	356	7
11	16	169	4
12	13	477	5
13	14	490	7
14	15	72	3
15	1	173	6
16	15	181	7
17	1	427	5
18	11	369	2
19	14	201	5
20	10	7	2
21	11	822	6
22	9	935	5
23	5	900	3
24	11	687	3
25	14	718	4
26	8	638	4
27	16	524	2
28	18	754	7
29	11	685	3
30	19	916	5
31	8	623	3
32	8	916	5
33	9	967	7
34	9	911	6
35	9	572	2
36	7	875	6
37	3	723	5
38	2	839	3
39	16	689	4
40	14	697	3
\.


--
-- Data for Name: charging_station_car; Type: TABLE DATA; Schema: public; Owner: dmd_high_grade_pls
--

COPY public.charging_station_car (charging_station_id, car_id, started_at, ended_at) FROM stdin;
8	23	2018-05-20 01:39:19	2018-05-20 02:39:19
3	50	2018-06-06 08:07:51	2018-06-06 10:07:51
11	6	2018-11-21 21:03:01	2018-11-21 23:03:01
20	36	2018-10-26 11:02:12	2018-10-26 12:02:12
15	50	2018-02-18 10:21:22	2018-02-18 12:21:22
15	25	2018-02-23 01:51:07	2018-02-23 02:51:07
18	36	2018-07-24 11:16:08	2018-07-24 12:16:08
17	37	2018-05-16 14:44:44	2018-05-16 15:44:44
5	18	2018-07-29 18:33:34	2018-07-29 20:33:34
18	6	2018-07-26 13:41:44	2018-07-26 14:41:44
10	1	2018-02-26 18:16:55	2018-02-26 19:16:55
17	17	2018-04-03 22:55:01	2018-04-03 23:55:01
3	36	2018-07-20 04:32:26	2018-07-20 05:32:26
12	10	2018-11-05 22:06:33	2018-11-05 23:06:33
7	11	2018-10-23 20:51:21	2018-10-23 21:51:21
8	40	2018-04-20 10:35:23	2018-04-20 11:35:23
13	17	2018-07-04 17:22:35	2018-07-04 19:22:35
10	36	2018-02-12 20:25:41	2018-02-12 21:25:41
18	37	2018-08-31 00:03:37	2018-08-31 02:03:37
20	31	2018-04-13 04:25:31	2018-04-13 05:25:31
9	44	2018-05-26 00:31:33	2018-05-26 01:31:33
3	30	2018-07-24 21:51:44	2018-07-24 22:51:44
14	2	2018-08-22 00:47:02	2018-08-22 01:47:02
18	3	2018-04-26 23:46:56	2018-04-27 00:46:56
7	11	2018-08-07 11:20:46	2018-08-07 12:20:46
8	18	2018-10-29 01:55:43	2018-10-29 02:55:43
1	4	2018-07-16 08:38:13	2018-07-16 10:38:13
15	43	2018-11-20 08:46:01	2018-11-20 09:46:01
13	48	2018-07-16 04:13:52	2018-07-16 06:13:52
3	24	2018-04-18 01:18:51	2018-04-18 03:18:51
4	19	2018-03-30 02:52:35	2018-03-30 03:52:35
5	26	2018-02-02 14:13:21	2018-02-02 16:13:21
12	48	2018-05-17 23:14:28	2018-05-18 01:14:28
6	37	2018-04-01 13:55:20	2018-04-01 15:55:20
12	22	2018-09-15 01:16:32	2018-09-15 03:16:32
10	39	2018-06-03 05:06:21	2018-06-03 07:06:21
7	38	2018-01-30 04:02:01	2018-01-30 05:02:01
9	4	2018-07-28 04:59:59	2018-07-28 05:59:59
4	32	2018-03-18 05:03:37	2018-03-18 06:03:37
8	21	2018-01-08 04:53:24	2018-01-08 06:53:24
8	14	2018-07-24 13:13:52	2018-07-24 15:13:52
11	19	2018-11-07 16:17:26	2018-11-07 17:17:26
7	6	2018-08-19 07:41:52	2018-08-19 08:41:52
16	17	2018-01-28 09:20:59	2018-01-28 10:20:59
3	5	2018-10-14 02:01:50	2018-10-14 04:01:50
6	6	2018-09-15 13:15:35	2018-09-15 15:15:35
4	3	2018-08-17 13:52:23	2018-08-17 15:52:23
13	37	2018-07-13 08:09:58	2018-07-13 10:09:58
17	4	2018-07-11 06:52:41	2018-07-11 08:52:41
4	1	2018-04-19 05:34:28	2018-04-19 06:34:28
5	9	2018-01-22 22:48:04	2018-01-22 23:48:04
10	25	2018-01-24 10:16:59	2018-01-24 11:16:59
17	46	2018-06-04 01:43:15	2018-06-04 03:43:15
1	18	2018-11-01 21:37:28	2018-11-01 22:37:28
7	18	2018-09-18 13:16:06	2018-09-18 14:16:06
16	30	2018-01-21 18:21:07	2018-01-21 20:21:07
8	39	2018-05-03 15:13:13	2018-05-03 17:13:13
12	15	2018-03-04 20:37:14	2018-03-04 22:37:14
8	45	2018-03-21 13:22:58	2018-03-21 14:22:58
3	33	2018-01-18 02:00:18	2018-01-18 03:00:18
19	46	2018-02-22 05:39:53	2018-02-22 06:39:53
6	16	2018-03-28 08:03:29	2018-03-28 09:03:29
16	8	2018-05-03 10:54:25	2018-05-03 12:54:25
20	22	2018-06-23 22:24:12	2018-06-24 00:24:12
6	28	2018-05-29 10:48:17	2018-05-29 12:48:17
3	35	2018-05-10 22:50:32	2018-05-10 23:50:32
19	1	2018-05-28 15:19:28	2018-05-28 17:19:28
17	2	2018-04-07 09:08:16	2018-04-07 11:08:16
4	1	2018-01-29 16:51:34	2018-01-29 18:51:34
15	24	2018-08-05 21:01:30	2018-08-05 23:01:30
19	9	2018-11-25 09:02:15	2018-11-25 11:02:15
3	49	2018-04-22 22:20:57	2018-04-22 23:20:57
10	40	2018-04-15 11:20:51	2018-04-15 12:20:51
7	47	2018-07-01 03:53:25	2018-07-01 05:53:25
1	21	2018-04-28 07:41:10	2018-04-28 08:41:10
18	13	2018-05-13 14:25:43	2018-05-13 15:25:43
6	3	2018-09-04 17:20:41	2018-09-04 19:20:41
5	41	2018-07-09 17:08:41	2018-07-09 18:08:41
3	10	2018-03-25 03:35:55	2018-03-25 05:35:55
17	38	2018-02-28 08:30:42	2018-02-28 09:30:42
19	22	2018-02-02 21:02:41	2018-02-02 23:02:41
16	31	2018-06-24 08:53:55	2018-06-24 09:53:55
12	37	2018-01-21 13:56:45	2018-01-21 14:56:45
14	28	2018-11-12 05:55:42	2018-11-12 06:55:42
1	3	2018-01-12 05:45:27	2018-01-12 06:45:27
8	22	2018-04-04 15:54:41	2018-04-04 17:54:41
5	49	2018-02-08 03:06:11	2018-02-08 05:06:11
7	26	2018-08-30 11:44:17	2018-08-30 12:44:17
4	30	2018-10-04 16:55:58	2018-10-04 18:55:58
5	13	2018-01-22 08:45:32	2018-01-22 09:45:32
5	48	2018-04-29 19:53:40	2018-04-29 20:53:40
12	34	2018-06-25 11:02:05	2018-06-25 13:02:05
5	29	2018-06-30 22:44:42	2018-06-30 23:44:42
17	42	2018-05-02 19:01:56	2018-05-02 20:01:56
16	50	2018-02-21 04:39:11	2018-02-21 06:39:11
19	10	2018-04-10 00:35:52	2018-04-10 01:35:52
1	15	2018-08-30 02:06:26	2018-08-30 04:06:26
11	15	2018-04-16 13:44:32	2018-04-16 15:44:32
5	22	2018-05-24 01:25:40	2018-05-24 02:25:40
18	11	2018-08-17 00:23:30	2018-08-17 02:23:30
8	48	2018-09-22 12:08:56	2018-09-22 14:08:56
11	39	2018-05-17 07:19:56	2018-05-17 08:19:56
9	50	2018-01-25 05:16:01	2018-01-25 06:16:01
3	22	2018-01-16 23:29:38	2018-01-17 00:29:38
18	30	2018-04-03 17:51:13	2018-04-03 19:51:13
9	40	2018-06-16 10:16:58	2018-06-16 11:16:58
15	21	2018-07-05 11:13:22	2018-07-05 12:13:22
20	50	2018-06-30 12:05:13	2018-06-30 14:05:13
17	46	2018-04-24 03:10:17	2018-04-24 04:10:17
8	27	2018-03-10 04:55:28	2018-03-10 06:55:28
19	50	2018-06-06 08:30:32	2018-06-06 10:30:32
13	11	2018-04-15 16:37:23	2018-04-15 17:37:23
14	10	2018-10-09 16:16:54	2018-10-09 17:16:54
1	29	2018-09-07 16:51:59	2018-09-07 18:51:59
7	6	2018-01-14 17:07:08	2018-01-14 19:07:08
1	20	2018-03-29 21:36:42	2018-03-29 22:36:42
1	13	2018-04-18 05:16:18	2018-04-18 07:16:18
16	23	2018-11-14 10:44:17	2018-11-14 11:44:17
7	40	2018-01-13 16:04:08	2018-01-13 18:04:08
11	48	2018-09-19 21:55:09	2018-09-19 22:55:09
5	40	2018-05-09 00:46:52	2018-05-09 02:46:52
1	19	2018-05-04 23:34:06	2018-05-05 00:34:06
2	3	2018-09-07 10:17:19	2018-09-07 12:17:19
12	23	2018-09-30 20:13:13	2018-09-30 21:13:13
7	41	2018-08-10 21:59:15	2018-08-10 23:59:15
2	30	2018-03-18 04:29:19	2018-03-18 06:29:19
20	44	2018-08-20 17:43:39	2018-08-20 18:43:39
2	8	2018-09-29 14:27:37	2018-09-29 15:27:37
9	47	2018-08-20 13:12:15	2018-08-20 15:12:15
6	47	2018-06-15 06:50:30	2018-06-15 07:50:30
12	1	2018-05-13 08:49:58	2018-05-13 10:49:58
8	33	2018-01-02 23:25:44	2018-01-03 00:25:44
18	36	2018-11-23 20:35:15	2018-11-23 21:35:15
16	42	2018-02-27 00:52:28	2018-02-27 02:52:28
2	18	2018-10-05 07:09:01	2018-10-05 08:09:01
3	36	2018-01-28 12:20:46	2018-01-28 14:20:46
17	48	2018-04-27 19:04:52	2018-04-27 21:04:52
20	41	2018-09-17 19:10:48	2018-09-17 21:10:48
19	21	2018-04-19 15:15:57	2018-04-19 17:15:57
20	45	2018-11-02 03:19:05	2018-11-02 05:19:05
1	10	2018-06-28 09:50:13	2018-06-28 10:50:13
7	34	2018-05-02 12:31:08	2018-05-02 13:31:08
11	16	2018-11-03 06:45:32	2018-11-03 07:45:32
9	17	2018-07-22 03:02:53	2018-07-22 05:02:53
2	16	2018-10-18 01:55:52	2018-10-18 03:55:52
3	3	2018-04-23 19:59:21	2018-04-23 20:59:21
18	18	2018-07-17 15:00:13	2018-07-17 16:00:13
20	48	2018-10-08 16:57:12	2018-10-08 17:57:12
8	43	2018-03-17 07:40:31	2018-03-17 08:40:31
5	19	2018-08-08 09:55:40	2018-08-08 10:55:40
18	43	2018-03-01 23:38:54	2018-03-02 01:38:54
7	16	2018-06-28 06:26:15	2018-06-28 07:26:15
3	27	2018-11-11 02:21:33	2018-11-11 03:21:33
14	38	2018-04-11 06:53:40	2018-04-11 08:53:40
18	20	2018-05-02 07:57:58	2018-05-02 08:57:58
17	33	2018-04-26 18:28:58	2018-04-26 20:28:58
8	42	2018-11-04 13:05:43	2018-11-04 14:05:43
8	25	2018-07-29 01:24:24	2018-07-29 03:24:24
2	11	2018-05-30 10:11:03	2018-05-30 11:11:03
18	11	2018-08-29 23:09:13	2018-08-30 01:09:13
14	39	2018-02-23 08:19:57	2018-02-23 10:19:57
12	11	2018-09-03 16:28:12	2018-09-03 18:28:12
5	24	2018-04-06 01:09:20	2018-04-06 02:09:20
18	16	2018-01-29 11:48:50	2018-01-29 13:48:50
12	21	2018-01-29 22:19:18	2018-01-30 00:19:18
3	32	2018-09-13 19:29:02	2018-09-13 21:29:02
13	29	2018-08-27 10:31:22	2018-08-27 11:31:22
13	34	2018-02-02 23:31:44	2018-02-03 01:31:44
13	46	2018-05-07 12:35:12	2018-05-07 13:35:12
15	5	2018-07-15 23:00:36	2018-07-16 01:00:36
1	31	2018-07-28 20:16:50	2018-07-28 21:16:50
2	7	2018-01-09 23:43:58	2018-01-10 00:43:58
7	21	2018-02-24 02:46:56	2018-02-24 04:46:56
12	11	2018-09-24 03:37:36	2018-09-24 04:37:36
6	24	2018-05-20 22:32:20	2018-05-21 00:32:20
12	32	2018-06-02 23:07:20	2018-06-03 00:07:20
10	44	2018-10-06 12:13:55	2018-10-06 14:13:55
16	9	2018-01-29 07:50:04	2018-01-29 08:50:04
8	50	2018-03-28 19:19:19	2018-03-28 20:19:19
5	49	2018-02-21 21:28:43	2018-02-21 22:28:43
14	17	2018-11-03 21:27:21	2018-11-03 23:27:21
10	23	2018-01-26 23:50:58	2018-01-27 01:50:58
13	34	2018-01-04 00:27:28	2018-01-04 01:27:28
11	17	2018-11-17 20:01:45	2018-11-17 21:01:45
9	18	2018-09-18 04:13:46	2018-09-18 06:13:46
6	36	2018-05-21 08:31:07	2018-05-21 10:31:07
20	9	2018-01-21 11:31:52	2018-01-21 13:31:52
9	9	2018-01-02 02:20:58	2018-01-02 03:20:58
11	15	2018-10-19 06:07:40	2018-10-19 07:07:40
20	10	2018-02-28 09:31:22	2018-02-28 10:31:22
17	33	2018-05-09 06:25:20	2018-05-09 08:25:20
1	27	2018-05-24 22:25:45	2018-05-25 00:25:45
12	16	2018-06-18 13:30:47	2018-06-18 14:30:47
11	39	2018-03-28 23:57:39	2018-03-29 00:57:39
8	27	2018-03-16 17:30:00	2018-03-16 19:30:00
10	34	2018-04-22 04:38:10	2018-04-22 06:38:10
20	39	2018-09-07 11:58:59	2018-09-07 12:58:59
6	27	2018-05-04 07:57:30	2018-05-04 09:57:30
9	31	2018-06-27 23:42:46	2018-06-28 01:42:46
6	39	2018-04-18 06:23:54	2018-04-18 08:23:54
7	3	2018-05-16 11:54:07	2018-05-16 13:54:07
5	16	2018-05-10 21:41:35	2018-05-10 22:41:35
20	28	2018-01-23 22:24:16	2018-01-23 23:24:16
15	32	2018-02-22 12:20:27	2018-02-22 14:20:27
11	18	2018-11-11 01:59:29	2018-11-11 02:59:29
20	20	2018-02-27 09:07:09	2018-02-27 11:07:09
4	2	2018-04-18 05:37:35	2018-04-18 06:37:35
10	49	2018-11-03 08:32:20	2018-11-03 09:32:20
17	24	2018-03-07 08:13:18	2018-03-07 09:13:18
6	20	2018-04-06 02:33:09	2018-04-06 03:33:09
17	23	2018-07-10 08:22:36	2018-07-10 10:22:36
12	18	2018-06-01 19:45:55	2018-06-01 21:45:55
20	35	2018-02-16 14:37:31	2018-02-16 16:37:31
11	17	2018-10-04 08:23:30	2018-10-04 09:23:30
16	45	2018-07-04 10:47:13	2018-07-04 11:47:13
13	37	2018-09-09 10:40:11	2018-09-09 11:40:11
9	8	2018-09-28 05:10:56	2018-09-28 07:10:56
4	39	2018-03-27 23:49:18	2018-03-28 01:49:18
8	22	2018-09-28 18:51:13	2018-09-28 19:51:13
7	49	2018-05-11 06:28:37	2018-05-11 08:28:37
5	36	2018-02-04 02:58:03	2018-02-04 03:58:03
16	31	2018-07-29 20:20:20	2018-07-29 22:20:20
18	10	2018-02-21 02:46:04	2018-02-21 04:46:04
2	49	2018-09-13 11:52:49	2018-09-13 13:52:49
12	47	2018-05-20 11:42:52	2018-05-20 12:42:52
13	41	2018-04-03 18:57:55	2018-04-03 20:57:55
2	49	2018-05-15 21:04:52	2018-05-15 23:04:52
12	16	2018-06-16 01:39:54	2018-06-16 02:39:54
19	23	2018-01-30 09:38:11	2018-01-30 11:38:11
16	46	2018-06-04 01:07:26	2018-06-04 03:07:26
11	13	2018-02-09 04:19:06	2018-02-09 06:19:06
10	12	2018-08-26 06:23:51	2018-08-26 08:23:51
17	36	2018-07-03 14:46:23	2018-07-03 16:46:23
8	33	2018-05-19 05:34:17	2018-05-19 07:34:17
1	43	2018-08-30 06:16:07	2018-08-30 08:16:07
17	2	2018-07-17 06:57:35	2018-07-17 07:57:35
12	7	2018-06-04 03:00:13	2018-06-04 05:00:13
14	35	2018-11-26 02:33:38	2018-11-26 04:33:38
7	1	2018-06-14 12:05:04	2018-06-14 13:05:04
19	47	2018-11-10 15:53:23	2018-11-10 17:53:23
8	46	2018-05-10 07:58:28	2018-05-10 08:58:28
3	29	2018-05-29 21:57:00	2018-05-29 22:57:00
4	37	2018-08-15 04:48:24	2018-08-15 06:48:24
15	26	2018-08-12 09:40:23	2018-08-12 11:40:23
7	35	2018-01-23 00:45:55	2018-01-23 01:45:55
16	27	2018-01-15 11:44:50	2018-01-15 13:44:50
7	20	2018-06-27 13:06:06	2018-06-27 14:06:06
10	42	2018-02-20 22:56:10	2018-02-20 23:56:10
14	16	2018-01-27 12:12:26	2018-01-27 14:12:26
4	45	2018-03-11 22:21:53	2018-03-11 23:21:53
20	40	2018-01-20 09:42:27	2018-01-20 10:42:27
10	11	2018-01-19 04:28:39	2018-01-19 05:28:39
9	36	2018-01-18 03:57:03	2018-01-18 04:57:03
6	8	2018-10-16 15:53:58	2018-10-16 16:53:58
6	23	2018-05-19 14:41:22	2018-05-19 15:41:22
2	12	2018-03-05 09:03:26	2018-03-05 10:03:26
16	32	2018-11-12 15:22:32	2018-11-12 16:22:32
10	16	2018-02-02 14:38:26	2018-02-02 16:38:26
13	45	2018-09-01 23:24:22	2018-09-02 01:24:22
13	24	2018-06-21 15:06:00	2018-06-21 17:06:00
3	18	2018-10-24 23:23:23	2018-10-25 01:23:23
12	33	2018-03-25 03:25:12	2018-03-25 04:25:12
5	17	2018-06-16 12:05:02	2018-06-16 14:05:02
14	46	2018-04-12 13:56:08	2018-04-12 14:56:08
8	24	2018-04-11 12:34:52	2018-04-11 14:34:52
19	23	2018-06-17 23:07:33	2018-06-18 00:07:33
10	6	2018-02-12 14:56:28	2018-02-12 15:56:28
14	37	2018-10-12 09:27:07	2018-10-12 10:27:07
12	25	2018-04-19 17:33:05	2018-04-19 18:33:05
2	10	2018-01-10 06:04:33	2018-01-10 07:04:33
14	27	2018-01-08 23:54:10	2018-01-09 01:54:10
11	21	2018-10-25 12:19:37	2018-10-25 13:19:37
10	30	2018-03-31 13:18:39	2018-03-31 14:18:39
3	5	2018-02-09 18:08:44	2018-02-09 20:08:44
5	16	2018-06-14 23:10:55	2018-06-15 01:10:55
5	22	2018-09-14 05:09:33	2018-09-14 07:09:33
3	40	2018-10-06 01:13:09	2018-10-06 02:13:09
2	6	2018-08-03 23:18:44	2018-08-04 01:18:44
20	29	2018-03-19 06:49:22	2018-03-19 08:49:22
20	34	2018-09-15 04:44:20	2018-09-15 05:44:20
17	7	2018-05-19 11:49:49	2018-05-19 12:49:49
16	23	2018-09-22 02:40:32	2018-09-22 04:40:32
10	6	2018-06-20 05:35:06	2018-06-20 06:35:06
14	50	2018-05-09 23:16:00	2018-05-10 00:16:00
16	29	2018-06-15 20:33:26	2018-06-15 21:33:26
19	18	2018-07-29 04:59:42	2018-07-29 05:59:42
9	29	2018-01-30 08:32:03	2018-01-30 09:32:03
1	1	2018-06-21 15:54:49	2018-06-21 16:54:49
6	40	2018-06-05 02:28:29	2018-06-05 03:28:29
12	25	2018-08-05 13:42:43	2018-08-05 14:42:43
20	16	2018-04-25 22:43:32	2018-04-25 23:43:32
20	36	2018-06-02 04:58:45	2018-06-02 05:58:45
3	47	2018-09-12 16:26:11	2018-09-12 18:26:11
20	36	2018-06-08 14:38:04	2018-06-08 16:38:04
15	45	2018-11-07 03:21:09	2018-11-07 04:21:09
13	27	2018-11-25 15:17:33	2018-11-25 16:17:33
6	35	2018-08-26 16:00:32	2018-08-26 18:00:32
1	29	2018-10-19 05:45:27	2018-10-19 06:45:27
6	7	2018-03-24 22:15:38	2018-03-25 00:15:38
11	44	2018-04-10 04:44:35	2018-04-10 05:44:35
1	50	2018-02-21 11:35:23	2018-02-21 13:35:23
8	5	2018-10-23 05:11:28	2018-10-23 07:11:28
10	46	2018-02-08 00:53:05	2018-02-08 02:53:05
17	6	2018-04-02 14:12:43	2018-04-02 15:12:43
14	41	2018-09-07 06:46:08	2018-09-07 07:46:08
2	50	2018-05-01 11:06:05	2018-05-01 12:06:05
14	18	2018-04-14 00:45:24	2018-04-14 02:45:24
16	50	2018-01-18 11:20:38	2018-01-18 12:20:38
19	4	2018-09-01 08:13:30	2018-09-01 10:13:30
13	13	2018-06-12 13:59:01	2018-06-12 15:59:01
19	45	2018-11-08 15:28:10	2018-11-08 17:28:10
17	13	2018-09-05 06:10:07	2018-09-05 08:10:07
17	19	2018-11-20 10:43:47	2018-11-20 11:43:47
4	9	2018-03-19 13:16:35	2018-03-19 15:16:35
1	29	2018-04-09 15:15:28	2018-04-09 17:15:28
2	5	2018-07-12 19:49:42	2018-07-12 21:49:42
12	35	2018-01-05 22:10:21	2018-01-05 23:10:21
5	8	2018-01-07 15:59:51	2018-01-07 16:59:51
18	10	2018-09-14 14:03:22	2018-09-14 15:03:22
14	33	2018-10-20 07:35:55	2018-10-20 09:35:55
19	41	2018-09-18 12:37:02	2018-09-18 13:37:02
3	45	2018-01-04 13:31:32	2018-01-04 15:31:32
16	45	2018-02-24 11:09:50	2018-02-24 12:09:50
1	36	2018-09-08 16:06:17	2018-09-08 17:06:17
10	7	2018-02-10 15:40:34	2018-02-10 16:40:34
9	19	2018-09-12 05:51:44	2018-09-12 07:51:44
15	49	2018-05-15 03:48:57	2018-05-15 04:48:57
10	39	2018-11-07 10:44:54	2018-11-07 11:44:54
19	1	2018-08-07 15:10:46	2018-08-07 17:10:46
6	1	2018-01-13 09:52:54	2018-01-13 11:52:54
1	37	2018-11-15 18:04:00	2018-11-15 20:04:00
1	19	2018-05-20 06:54:11	2018-05-20 08:54:11
20	8	2018-03-23 23:15:51	2018-03-24 01:15:51
16	33	2018-03-24 14:35:28	2018-03-24 16:35:28
14	26	2018-02-25 07:29:18	2018-02-25 08:29:18
7	34	2018-07-21 12:06:05	2018-07-21 14:06:05
7	11	2018-04-28 10:26:45	2018-04-28 12:26:45
2	33	2018-04-05 19:37:24	2018-04-05 20:37:24
14	47	2018-09-16 09:41:07	2018-09-16 10:41:07
4	31	2018-06-03 11:22:54	2018-06-03 13:22:54
5	40	2018-03-05 07:02:56	2018-03-05 08:02:56
1	19	2018-02-13 02:42:27	2018-02-13 03:42:27
7	31	2018-02-25 02:22:39	2018-02-25 04:22:39
20	10	2018-07-19 23:57:42	2018-07-20 00:57:42
11	2	2018-09-14 00:20:41	2018-09-14 01:20:41
16	40	2018-02-11 21:19:56	2018-02-11 23:19:56
6	50	2018-09-18 07:07:16	2018-09-18 08:07:16
18	39	2018-09-17 19:07:42	2018-09-17 21:07:42
10	49	2018-09-14 15:02:56	2018-09-14 16:02:56
7	2	2018-10-16 03:26:51	2018-10-16 05:26:51
19	32	2018-01-11 06:02:31	2018-01-11 08:02:31
8	36	2018-06-10 12:49:34	2018-06-10 14:49:34
9	44	2018-06-26 04:20:14	2018-06-26 06:20:14
20	30	2018-10-02 15:01:43	2018-10-02 16:01:43
15	24	2018-03-08 17:13:45	2018-03-08 19:13:45
13	14	2018-10-17 20:08:18	2018-10-17 22:08:18
5	20	2018-09-13 12:20:31	2018-09-13 14:20:31
9	32	2018-03-10 11:01:24	2018-03-10 13:01:24
19	5	2018-05-12 14:12:42	2018-05-12 16:12:42
20	35	2018-02-13 10:47:02	2018-02-13 11:47:02
7	19	2018-06-02 09:49:20	2018-06-02 10:49:20
7	33	2018-04-14 10:36:09	2018-04-14 11:36:09
5	20	2018-11-21 17:31:16	2018-11-21 18:31:16
4	46	2018-02-16 01:38:34	2018-02-16 02:38:34
20	27	2018-06-15 21:07:47	2018-06-15 22:07:47
16	42	2018-10-20 12:49:49	2018-10-20 13:49:49
14	42	2018-11-15 23:00:02	2018-11-16 00:00:02
19	12	2018-01-31 15:29:12	2018-01-31 17:29:12
9	34	2018-10-12 14:00:12	2018-10-12 15:00:12
10	50	2018-05-28 13:58:31	2018-05-28 15:58:31
11	1	2018-07-20 10:50:11	2018-07-20 11:50:11
20	49	2018-08-14 09:48:09	2018-08-14 10:48:09
10	26	2018-05-07 22:36:32	2018-05-07 23:36:32
6	47	2018-09-29 08:12:38	2018-09-29 10:12:38
17	39	2018-04-22 11:46:41	2018-04-22 12:46:41
12	36	2018-09-07 09:56:24	2018-09-07 11:56:24
12	4	2018-10-06 16:48:46	2018-10-06 18:48:46
15	21	2018-04-30 14:26:32	2018-04-30 16:26:32
16	17	2018-01-27 07:49:08	2018-01-27 08:49:08
5	24	2018-07-06 18:24:29	2018-07-06 20:24:29
4	29	2018-02-22 20:35:42	2018-02-22 22:35:42
7	36	2018-04-29 17:24:10	2018-04-29 18:24:10
11	12	2018-02-16 22:08:38	2018-02-17 00:08:38
8	47	2018-04-05 21:05:24	2018-04-05 23:05:24
2	36	2018-02-07 08:39:09	2018-02-07 09:39:09
11	28	2018-10-23 13:07:28	2018-10-23 15:07:28
9	14	2018-06-21 23:07:29	2018-06-22 00:07:29
15	28	2018-01-26 02:31:01	2018-01-26 03:31:01
15	39	2018-04-25 03:53:17	2018-04-25 05:53:17
20	49	2018-10-04 12:21:26	2018-10-04 14:21:26
17	14	2018-09-20 06:05:46	2018-09-20 08:05:46
1	46	2018-09-10 08:20:16	2018-09-10 09:20:16
16	26	2018-01-30 15:47:11	2018-01-30 17:47:11
18	40	2018-03-02 15:28:58	2018-03-02 16:28:58
20	2	2018-10-03 12:11:12	2018-10-03 13:11:12
19	20	2018-11-10 09:38:15	2018-11-10 11:38:15
1	7	2018-09-24 18:18:38	2018-09-24 20:18:38
18	4	2018-03-10 05:16:23	2018-03-10 07:16:23
7	24	2018-06-08 18:33:34	2018-06-08 19:33:34
11	21	2018-03-08 21:46:07	2018-03-08 23:46:07
16	47	2018-10-03 03:57:11	2018-10-03 04:57:11
10	3	2018-05-15 22:24:40	2018-05-15 23:24:40
9	1	2018-02-28 11:57:56	2018-02-28 13:57:56
20	4	2018-04-08 20:09:48	2018-04-08 21:09:48
1	5	2018-02-03 14:21:05	2018-02-03 15:21:05
6	9	2018-07-12 09:10:43	2018-07-12 11:10:43
13	19	2018-07-13 14:06:46	2018-07-13 15:06:46
6	29	2018-05-30 10:00:50	2018-05-30 11:00:50
10	15	2018-05-03 05:03:05	2018-05-03 07:03:05
9	9	2018-10-14 06:00:21	2018-10-14 07:00:21
16	30	2018-09-30 19:23:09	2018-09-30 21:23:09
7	46	2018-07-19 00:35:19	2018-07-19 02:35:19
13	16	2018-03-12 22:13:33	2018-03-12 23:13:33
9	36	2018-01-03 09:50:24	2018-01-03 10:50:24
11	43	2018-02-25 02:17:06	2018-02-25 04:17:06
4	30	2018-07-17 15:22:53	2018-07-17 17:22:53
12	16	2018-04-06 03:31:36	2018-04-06 04:31:36
8	38	2018-05-04 17:30:14	2018-05-04 19:30:14
17	49	2018-09-12 20:36:26	2018-09-12 22:36:26
5	35	2018-03-06 05:22:41	2018-03-06 07:22:41
9	34	2018-07-20 06:11:16	2018-07-20 08:11:16
8	37	2018-11-17 15:42:23	2018-11-17 16:42:23
4	45	2018-04-30 02:24:12	2018-04-30 03:24:12
8	47	2018-09-06 12:59:21	2018-09-06 13:59:21
20	13	2018-07-17 23:28:48	2018-07-18 00:28:48
9	49	2018-06-08 11:32:42	2018-06-08 13:32:42
17	38	2018-05-22 06:45:51	2018-05-22 07:45:51
15	46	2018-11-08 15:01:07	2018-11-08 16:01:07
10	27	2018-06-06 12:22:55	2018-06-06 14:22:55
18	3	2018-11-11 16:00:48	2018-11-11 18:00:48
14	36	2018-03-24 13:47:21	2018-03-24 14:47:21
18	24	2018-07-23 09:12:23	2018-07-23 11:12:23
4	26	2018-11-09 02:46:11	2018-11-09 03:46:11
12	32	2018-02-02 00:09:21	2018-02-02 02:09:21
5	17	2018-09-28 00:08:59	2018-09-28 01:08:59
2	11	2018-02-03 22:14:17	2018-02-03 23:14:17
4	44	2018-04-01 06:22:43	2018-04-01 07:22:43
18	16	2018-09-02 02:18:23	2018-09-02 04:18:23
15	17	2018-10-27 23:52:32	2018-10-28 01:52:32
1	23	2018-08-16 18:49:29	2018-08-16 20:49:29
13	45	2018-07-11 21:11:05	2018-07-11 22:11:05
4	10	2018-09-26 09:30:23	2018-09-26 10:30:23
1	19	2018-07-13 15:04:06	2018-07-13 16:04:06
11	13	2018-01-26 12:04:24	2018-01-26 13:04:24
14	50	2018-07-11 20:33:27	2018-07-11 21:33:27
15	48	2018-03-13 06:56:33	2018-03-13 07:56:33
18	11	2018-01-28 17:46:59	2018-01-28 18:46:59
17	34	2018-03-30 00:44:07	2018-03-30 02:44:07
9	50	2018-07-20 14:25:13	2018-07-20 16:25:13
11	12	2018-03-18 01:05:38	2018-03-18 02:05:38
8	36	2018-08-22 01:03:20	2018-08-22 03:03:20
15	19	2018-10-07 18:18:56	2018-10-07 19:18:56
9	47	2018-09-01 14:28:20	2018-09-01 15:28:20
15	45	2018-09-05 20:05:53	2018-09-05 22:05:53
12	3	2018-03-17 09:16:59	2018-03-17 11:16:59
9	27	2018-06-02 10:13:27	2018-06-02 12:13:27
3	2	2018-10-02 06:11:36	2018-10-02 07:11:36
1	46	2018-03-16 20:00:29	2018-03-16 21:00:29
8	18	2018-10-27 16:32:20	2018-10-27 17:32:20
11	27	2018-10-07 19:59:35	2018-10-07 21:59:35
8	10	2018-08-05 22:52:34	2018-08-06 00:52:34
12	30	2018-05-11 14:01:53	2018-05-11 15:01:53
3	36	2018-08-02 09:45:01	2018-08-02 11:45:01
15	11	2018-06-01 03:33:51	2018-06-01 04:33:51
9	7	2018-08-29 00:08:07	2018-08-29 01:08:07
20	16	2018-01-16 17:55:07	2018-01-16 18:55:07
9	25	2018-07-07 10:48:43	2018-07-07 12:48:43
1	41	2018-03-13 14:25:13	2018-03-13 16:25:13
13	35	2018-02-24 18:14:05	2018-02-24 19:14:05
13	39	2018-09-21 04:27:15	2018-09-21 06:27:15
10	45	2018-08-18 00:31:46	2018-08-18 02:31:46
4	8	2018-05-27 11:03:18	2018-05-27 12:03:18
13	3	2018-06-27 07:37:20	2018-06-27 08:37:20
14	4	2018-03-12 15:52:31	2018-03-12 17:52:31
3	2	2018-05-20 04:00:38	2018-05-20 06:00:38
4	38	2018-10-19 16:36:14	2018-10-19 17:36:14
15	28	2018-09-10 17:53:42	2018-09-10 18:53:42
5	39	2018-02-19 14:26:24	2018-02-19 16:26:24
15	16	2018-05-02 09:49:44	2018-05-02 10:49:44
3	44	2018-02-19 16:23:13	2018-02-19 17:23:13
14	11	2018-09-25 10:18:30	2018-09-25 11:18:30
15	5	2018-01-10 20:23:08	2018-01-10 21:23:08
8	44	2018-09-25 17:53:39	2018-09-25 19:53:39
12	42	2018-10-31 11:16:50	2018-10-31 13:16:50
12	37	2018-11-19 20:25:26	2018-11-19 21:25:26
12	30	2018-09-01 05:01:37	2018-09-01 06:01:37
4	24	2018-10-28 01:12:45	2018-10-28 03:12:45
1	14	2018-02-07 08:04:33	2018-02-07 09:04:33
5	22	2018-01-01 02:22:42	2018-01-01 03:22:42
18	40	2018-02-09 16:11:48	2018-02-09 18:11:48
9	35	2018-03-23 13:12:15	2018-03-23 14:12:15
8	38	2018-07-03 06:52:00	2018-07-03 07:52:00
6	10	2018-02-15 05:28:06	2018-02-15 06:28:06
2	43	2018-02-19 15:12:33	2018-02-19 16:12:33
15	24	2018-03-05 02:47:04	2018-03-05 04:47:04
19	49	2018-05-01 09:47:39	2018-05-01 10:47:39
11	10	2018-11-22 19:23:01	2018-11-22 21:23:01
4	10	2018-01-14 17:20:28	2018-01-14 18:20:28
16	8	2018-01-05 05:52:43	2018-01-05 07:52:43
17	7	2018-01-11 04:51:43	2018-01-11 05:51:43
10	1	2018-10-31 04:36:52	2018-10-31 05:36:52
2	37	2018-03-28 14:08:11	2018-03-28 16:08:11
7	31	2018-03-27 00:18:51	2018-03-27 01:18:51
18	22	2018-01-03 00:35:59	2018-01-03 02:35:59
20	21	2018-11-19 11:45:03	2018-11-19 13:45:03
5	33	2018-01-30 20:20:21	2018-01-30 21:20:21
13	49	2018-01-06 21:55:20	2018-01-06 22:55:20
7	45	2018-09-17 07:54:03	2018-09-17 09:54:03
3	19	2018-10-17 18:25:17	2018-10-17 19:25:17
3	35	2018-05-05 09:37:05	2018-05-05 10:37:05
9	20	2018-08-20 09:58:54	2018-08-20 11:58:54
13	27	2018-01-28 00:40:33	2018-01-28 01:40:33
20	41	2018-11-03 09:34:23	2018-11-03 10:34:23
1	12	2018-03-09 01:51:11	2018-03-09 03:51:11
13	41	2018-04-03 13:02:29	2018-04-03 15:02:29
3	20	2018-01-28 14:31:12	2018-01-28 16:31:12
20	15	2018-04-09 18:59:59	2018-04-09 19:59:59
8	30	2018-01-24 10:42:50	2018-01-24 12:42:50
11	47	2018-04-01 06:05:52	2018-04-01 07:05:52
13	23	2018-03-12 05:12:18	2018-03-12 07:12:18
3	44	2018-08-12 10:55:08	2018-08-12 11:55:08
18	31	2018-10-09 21:21:49	2018-10-09 23:21:49
10	26	2018-10-25 06:34:49	2018-10-25 08:34:49
2	25	2018-04-12 02:19:34	2018-04-12 03:19:34
3	25	2018-06-25 07:51:23	2018-06-25 09:51:23
16	49	2018-04-14 18:33:37	2018-04-14 19:33:37
15	19	2018-09-27 14:07:35	2018-09-27 16:07:35
18	33	2018-04-23 09:25:12	2018-04-23 10:25:12
9	50	2018-06-09 09:09:48	2018-06-09 10:09:48
13	35	2018-10-10 22:48:00	2018-10-10 23:48:00
18	42	2018-10-31 21:53:50	2018-10-31 22:53:50
16	35	2018-02-04 10:51:50	2018-02-04 11:51:50
4	32	2018-02-20 04:55:02	2018-02-20 05:55:02
10	27	2018-09-30 00:10:55	2018-09-30 01:10:55
19	6	2018-02-18 08:49:51	2018-02-18 10:49:51
11	12	2018-07-09 14:38:05	2018-07-09 16:38:05
18	47	2018-01-20 14:05:22	2018-01-20 16:05:22
11	26	2018-03-16 07:32:34	2018-03-16 09:32:34
19	23	2018-03-30 04:04:37	2018-03-30 05:04:37
1	49	2018-06-21 07:33:32	2018-06-21 09:33:32
1	7	2018-06-30 04:11:21	2018-06-30 05:11:21
4	5	2018-09-17 04:30:53	2018-09-17 05:30:53
6	27	2018-02-24 12:42:24	2018-02-24 14:42:24
15	30	2018-09-22 02:43:44	2018-09-22 03:43:44
11	42	2018-08-03 23:21:11	2018-08-04 01:21:11
3	33	2018-05-02 05:31:15	2018-05-02 06:31:15
6	23	2018-07-17 03:43:22	2018-07-17 04:43:22
6	3	2018-05-20 14:56:26	2018-05-20 16:56:26
13	37	2018-08-03 02:42:27	2018-08-03 04:42:27
1	40	2018-03-30 10:27:26	2018-03-30 11:27:26
20	10	2018-11-24 10:16:48	2018-11-24 12:16:48
9	9	2018-09-20 09:06:12	2018-09-20 10:06:12
6	44	2018-01-22 12:49:26	2018-01-22 14:49:26
7	23	2018-05-17 07:48:42	2018-05-17 08:48:42
20	11	2018-03-11 23:02:29	2018-03-12 00:02:29
11	41	2018-06-30 16:09:16	2018-06-30 17:09:16
12	41	2018-06-12 10:26:19	2018-06-12 11:26:19
16	1	2018-03-14 19:25:54	2018-03-14 20:25:54
11	34	2018-01-03 16:23:37	2018-01-03 17:23:37
18	41	2018-09-30 09:37:14	2018-09-30 11:37:14
14	47	2018-08-10 09:33:26	2018-08-10 11:33:26
13	44	2018-04-26 06:12:42	2018-04-26 07:12:42
10	22	2018-08-05 01:03:17	2018-08-05 03:03:17
4	1	2018-03-23 15:23:58	2018-03-23 16:23:58
13	31	2018-03-18 20:11:52	2018-03-18 21:11:52
1	3	2018-08-26 07:51:36	2018-08-26 09:51:36
15	21	2018-06-17 19:04:13	2018-06-17 20:04:13
7	1	2018-11-08 16:26:57	2018-11-08 17:26:57
12	43	2018-09-12 10:51:54	2018-09-12 11:51:54
15	40	2018-06-06 13:04:23	2018-06-06 15:04:23
13	20	2018-08-24 01:48:10	2018-08-24 03:48:10
13	18	2018-02-26 10:31:20	2018-02-26 11:31:20
12	25	2018-11-04 14:03:53	2018-11-04 15:03:53
17	23	2018-01-30 15:53:30	2018-01-30 17:53:30
4	7	2018-05-29 08:39:58	2018-05-29 09:39:58
18	27	2018-06-29 18:36:31	2018-06-29 20:36:31
13	29	2018-11-02 07:36:52	2018-11-02 09:36:52
6	28	2018-11-07 22:07:51	2018-11-08 00:07:51
9	36	2018-04-09 14:01:44	2018-04-09 16:01:44
9	30	2018-04-10 12:05:51	2018-04-10 14:05:51
15	2	2018-08-01 20:47:14	2018-08-01 22:47:14
9	29	2018-02-26 18:20:52	2018-02-26 20:20:52
11	17	2018-04-01 23:00:15	2018-04-02 01:00:15
3	46	2018-06-28 13:38:22	2018-06-28 14:38:22
5	3	2018-08-15 00:00:38	2018-08-15 01:00:38
1	46	2018-06-02 21:53:24	2018-06-02 22:53:24
1	46	2018-09-17 14:00:09	2018-09-17 16:00:09
14	43	2018-09-20 16:00:06	2018-09-20 18:00:06
15	37	2018-07-23 07:25:46	2018-07-23 09:25:46
3	44	2018-03-28 16:06:55	2018-03-28 18:06:55
15	45	2018-09-16 04:32:52	2018-09-16 06:32:52
2	23	2018-01-15 08:29:41	2018-01-15 10:29:41
4	46	2018-02-23 02:11:15	2018-02-23 04:11:15
15	3	2018-11-03 03:26:35	2018-11-03 04:26:35
18	9	2018-09-15 12:32:02	2018-09-15 13:32:02
12	7	2018-04-29 11:05:06	2018-04-29 13:05:06
10	28	2018-01-14 18:13:43	2018-01-14 19:13:43
14	43	2018-01-17 22:03:12	2018-01-18 00:03:12
5	47	2018-11-13 07:55:00	2018-11-13 08:55:00
5	47	2018-10-16 01:59:21	2018-10-16 02:59:21
11	1	2018-08-05 15:22:11	2018-08-05 16:22:11
11	1	2018-02-15 15:10:26	2018-02-15 17:10:26
19	36	2018-11-22 05:33:50	2018-11-22 07:33:50
14	34	2018-11-04 07:41:59	2018-11-04 08:41:59
18	4	2018-07-30 23:19:00	2018-07-31 00:19:00
13	15	2018-09-02 21:44:11	2018-09-02 22:44:11
7	17	2018-09-09 08:31:36	2018-09-09 10:31:36
13	25	2018-04-23 23:22:19	2018-04-24 00:22:19
11	23	2018-04-10 14:01:11	2018-04-10 15:01:11
8	14	2018-01-24 03:34:50	2018-01-24 04:34:50
1	14	2018-02-14 12:53:27	2018-02-14 13:53:27
13	31	2018-04-20 10:06:28	2018-04-20 12:06:28
10	13	2018-10-08 14:37:38	2018-10-08 15:37:38
5	35	2018-08-06 00:31:42	2018-08-06 02:31:42
3	32	2018-07-16 07:24:12	2018-07-16 08:24:12
15	18	2018-09-30 14:15:36	2018-09-30 15:15:36
11	26	2018-09-08 15:39:56	2018-09-08 16:39:56
14	21	2018-01-29 00:11:45	2018-01-29 01:11:45
2	38	2018-01-20 05:46:54	2018-01-20 06:46:54
5	18	2018-02-19 03:38:54	2018-02-19 05:38:54
8	37	2018-03-16 14:21:03	2018-03-16 15:21:03
9	34	2018-08-03 19:53:24	2018-08-03 21:53:24
19	31	2018-04-23 18:31:00	2018-04-23 20:31:00
9	50	2018-08-30 05:11:42	2018-08-30 06:11:42
10	13	2018-03-11 23:03:40	2018-03-12 01:03:40
15	7	2018-06-12 21:34:03	2018-06-12 23:34:03
15	6	2018-07-08 00:24:31	2018-07-08 01:24:31
8	38	2018-04-04 21:18:21	2018-04-04 23:18:21
4	2	2018-02-23 07:54:26	2018-02-23 08:54:26
18	20	2018-08-31 04:43:47	2018-08-31 06:43:47
8	47	2018-02-09 11:48:30	2018-02-09 13:48:30
12	2	2018-03-21 19:30:36	2018-03-21 20:30:36
17	43	2018-02-23 14:47:14	2018-02-23 15:47:14
20	11	2018-03-04 06:56:56	2018-03-04 07:56:56
4	11	2018-03-25 00:46:46	2018-03-25 01:46:46
1	44	2018-10-14 22:27:47	2018-10-14 23:27:47
2	32	2018-06-02 04:31:57	2018-06-02 05:31:57
9	15	2018-11-24 12:16:17	2018-11-24 13:16:17
3	42	2018-05-07 10:28:33	2018-05-07 11:28:33
6	47	2018-09-21 21:46:53	2018-09-21 23:46:53
18	34	2018-08-08 18:07:35	2018-08-08 20:07:35
20	5	2018-10-19 15:46:23	2018-10-19 17:46:23
5	31	2018-10-09 00:34:22	2018-10-09 01:34:22
7	28	2018-09-17 02:56:31	2018-09-17 03:56:31
14	17	2018-01-17 06:50:09	2018-01-17 08:50:09
13	24	2018-06-08 22:37:23	2018-06-09 00:37:23
14	37	2018-02-14 06:31:32	2018-02-14 07:31:32
20	10	2018-01-16 21:12:09	2018-01-16 23:12:09
2	41	2018-11-17 04:30:36	2018-11-17 05:30:36
10	31	2018-05-15 02:12:31	2018-05-15 03:12:31
15	37	2018-10-02 13:05:44	2018-10-02 14:05:44
5	30	2018-03-04 22:22:11	2018-03-05 00:22:11
20	20	2018-10-10 13:42:13	2018-10-10 14:42:13
18	34	2018-03-14 08:27:48	2018-03-14 09:27:48
15	22	2018-05-13 21:27:50	2018-05-13 23:27:50
16	21	2018-07-21 11:34:41	2018-07-21 13:34:41
10	40	2018-06-05 07:50:11	2018-06-05 09:50:11
3	9	2018-02-24 23:15:02	2018-02-25 01:15:02
11	7	2018-03-14 03:22:40	2018-03-14 04:22:40
9	10	2018-10-22 23:02:43	2018-10-23 00:02:43
5	1	2018-08-04 17:35:14	2018-08-04 18:35:14
3	32	2018-03-31 07:42:57	2018-03-31 09:42:57
4	39	2018-03-26 05:58:35	2018-03-26 06:58:35
1	45	2018-04-18 01:34:48	2018-04-18 02:34:48
14	48	2018-07-20 23:59:43	2018-07-21 00:59:43
6	39	2018-10-14 03:49:13	2018-10-14 04:49:13
18	5	2018-11-05 14:34:16	2018-11-05 15:34:16
15	1	2018-07-30 17:59:53	2018-07-30 19:59:53
3	21	2018-05-29 21:19:07	2018-05-29 23:19:07
6	25	2018-10-07 01:39:19	2018-10-07 02:39:19
5	23	2018-10-22 10:56:01	2018-10-22 11:56:01
4	49	2018-07-24 12:35:45	2018-07-24 14:35:45
14	30	2018-09-16 14:14:17	2018-09-16 15:14:17
11	5	2018-11-17 20:59:53	2018-11-17 21:59:53
20	2	2018-08-17 18:21:27	2018-08-17 19:21:27
9	14	2018-04-30 18:01:48	2018-04-30 19:01:48
20	27	2018-09-04 07:23:52	2018-09-04 08:23:52
14	1	2018-05-11 02:47:55	2018-05-11 03:47:55
2	6	2018-08-29 15:05:17	2018-08-29 17:05:17
3	8	2018-04-19 10:38:08	2018-04-19 11:38:08
8	18	2018-10-15 15:51:09	2018-10-15 16:51:09
6	18	2018-02-11 13:37:11	2018-02-11 15:37:11
11	42	2018-07-10 01:56:54	2018-07-10 02:56:54
15	21	2018-09-11 05:56:46	2018-09-11 06:56:46
6	30	2018-11-08 00:06:05	2018-11-08 01:06:05
7	36	2018-01-10 22:52:29	2018-01-10 23:52:29
2	31	2018-10-20 09:16:36	2018-10-20 10:16:36
17	27	2018-06-28 03:29:26	2018-06-28 05:29:26
10	31	2018-08-17 19:41:55	2018-08-17 20:41:55
11	30	2018-01-24 17:45:01	2018-01-24 18:45:01
7	13	2018-03-26 10:45:45	2018-03-26 12:45:45
7	45	2018-11-01 00:07:14	2018-11-01 02:07:14
3	2	2018-10-12 13:09:32	2018-10-12 15:09:32
4	8	2018-11-19 15:53:58	2018-11-19 16:53:58
15	42	2018-02-11 02:05:45	2018-02-11 04:05:45
15	28	2018-03-25 19:28:28	2018-03-25 21:28:28
10	3	2018-07-24 00:40:55	2018-07-24 02:40:55
5	12	2018-07-08 12:35:22	2018-07-08 13:35:22
3	3	2018-05-03 09:11:43	2018-05-03 10:11:43
5	33	2018-08-16 22:37:10	2018-08-16 23:37:10
17	33	2018-08-21 02:00:51	2018-08-21 04:00:51
12	10	2018-11-08 18:34:34	2018-11-08 19:34:34
10	21	2018-09-06 19:58:03	2018-09-06 21:58:03
1	1	2018-09-17 16:16:43	2018-09-17 17:16:43
17	41	2018-05-03 05:20:44	2018-05-03 07:20:44
12	26	2018-04-23 04:20:26	2018-04-23 06:20:26
17	35	2018-07-16 06:05:12	2018-07-16 08:05:12
14	19	2018-07-14 01:30:08	2018-07-14 02:30:08
13	18	2018-11-19 01:00:33	2018-11-19 02:00:33
14	3	2018-03-28 18:21:27	2018-03-28 20:21:27
2	34	2018-04-24 20:59:15	2018-04-24 21:59:15
12	49	2018-10-22 05:10:25	2018-10-22 07:10:25
12	39	2018-09-11 17:39:35	2018-09-11 19:39:35
11	11	2018-10-04 13:02:46	2018-10-04 15:02:46
12	34	2018-07-01 11:59:10	2018-07-01 13:59:10
2	35	2018-02-07 10:08:29	2018-02-07 12:08:29
4	18	2018-08-04 17:41:48	2018-08-04 18:41:48
20	48	2018-07-06 02:39:50	2018-07-06 03:39:50
13	47	2018-04-04 17:31:59	2018-04-04 19:31:59
9	4	2018-01-28 02:22:19	2018-01-28 03:22:19
16	39	2018-09-26 18:54:18	2018-09-26 20:54:18
4	25	2018-10-05 19:20:36	2018-10-05 20:20:36
10	3	2018-10-15 15:13:18	2018-10-15 16:13:18
9	44	2018-05-18 19:55:07	2018-05-18 20:55:07
9	34	2018-03-20 15:38:24	2018-03-20 17:38:24
13	37	2018-09-23 00:42:13	2018-09-23 01:42:13
12	20	2018-08-22 11:11:21	2018-08-22 13:11:21
11	11	2018-08-06 21:10:28	2018-08-06 23:10:28
1	17	2018-08-07 01:55:04	2018-08-07 02:55:04
3	7	2018-01-04 14:23:05	2018-01-04 15:23:05
10	23	2018-04-28 14:45:29	2018-04-28 15:45:29
7	42	2018-04-08 03:09:28	2018-04-08 05:09:28
14	3	2018-01-05 09:37:31	2018-01-05 11:37:31
7	14	2018-09-06 21:32:25	2018-09-06 22:32:25
13	9	2018-07-04 23:37:30	2018-07-05 01:37:30
7	30	2018-08-09 13:53:01	2018-08-09 15:53:01
7	18	2018-10-22 18:44:12	2018-10-22 19:44:12
16	27	2018-07-02 01:48:07	2018-07-02 02:48:07
3	9	2018-01-10 02:54:16	2018-01-10 03:54:16
8	18	2018-06-17 23:12:59	2018-06-18 01:12:59
2	43	2018-06-02 10:02:40	2018-06-02 12:02:40
18	13	2018-09-11 13:21:11	2018-09-11 15:21:11
7	23	2018-05-16 19:55:53	2018-05-16 20:55:53
5	39	2018-10-14 04:15:39	2018-10-14 05:15:39
13	29	2018-01-26 21:59:33	2018-01-26 22:59:33
4	7	2018-07-12 10:21:16	2018-07-12 12:21:16
18	17	2018-08-12 04:41:44	2018-08-12 06:41:44
11	50	2018-06-01 08:48:21	2018-06-01 09:48:21
7	41	2018-08-31 19:49:00	2018-08-31 20:49:00
14	43	2018-06-11 13:51:04	2018-06-11 14:51:04
9	2	2018-03-12 23:10:02	2018-03-13 00:10:02
13	1	2018-09-24 19:15:39	2018-09-24 20:15:39
16	5	2018-04-11 21:51:21	2018-04-11 22:51:21
12	20	2018-10-21 06:14:06	2018-10-21 07:14:06
17	4	2018-03-25 01:17:20	2018-03-25 03:17:20
7	24	2018-08-22 11:49:30	2018-08-22 13:49:30
9	29	2018-01-01 09:02:37	2018-01-01 11:02:37
15	34	2018-01-24 12:24:39	2018-01-24 14:24:39
15	22	2018-07-27 06:21:12	2018-07-27 07:21:12
10	24	2018-08-28 15:27:45	2018-08-28 17:27:45
10	7	2018-05-04 11:45:19	2018-05-04 12:45:19
4	30	2018-04-01 19:38:03	2018-04-01 20:38:03
1	17	2018-02-13 11:52:31	2018-02-13 13:52:31
18	39	2018-10-01 19:34:27	2018-10-01 21:34:27
11	4	2018-01-26 01:34:06	2018-01-26 02:34:06
9	31	2018-10-21 05:18:48	2018-10-21 06:18:48
1	32	2018-02-26 09:33:42	2018-02-26 11:33:42
10	33	2018-08-05 01:57:50	2018-08-05 02:57:50
13	23	2018-03-30 23:31:28	2018-03-31 00:31:28
10	42	2018-04-05 11:43:11	2018-04-05 13:43:11
11	18	2018-04-26 10:35:51	2018-04-26 12:35:51
7	13	2018-02-19 03:38:55	2018-02-19 05:38:55
14	3	2018-11-02 22:56:36	2018-11-02 23:56:36
16	31	2017-12-31 21:22:15	2017-12-31 23:22:15
13	3	2018-01-23 11:56:42	2018-01-23 12:56:42
18	5	2018-05-31 22:28:14	2018-06-01 00:28:14
19	45	2018-02-01 20:22:29	2018-02-01 22:22:29
5	3	2018-05-08 04:39:20	2018-05-08 06:39:20
15	13	2018-08-15 12:49:44	2018-08-15 14:49:44
19	32	2018-10-29 15:12:20	2018-10-29 17:12:20
13	39	2018-02-26 06:20:57	2018-02-26 07:20:57
8	3	2018-06-28 12:27:51	2018-06-28 13:27:51
11	4	2018-10-09 10:07:04	2018-10-09 12:07:04
18	37	2018-02-18 22:30:46	2018-02-18 23:30:46
9	26	2018-04-23 13:29:18	2018-04-23 14:29:18
3	34	2018-08-17 10:52:06	2018-08-17 12:52:06
11	48	2018-08-27 16:03:52	2018-08-27 17:03:52
15	25	2018-05-07 16:29:26	2018-05-07 17:29:26
1	24	2018-08-31 14:16:04	2018-08-31 15:16:04
1	43	2018-07-18 11:39:09	2018-07-18 12:39:09
18	2	2018-02-26 17:43:04	2018-02-26 18:43:04
13	31	2018-03-31 10:16:13	2018-03-31 12:16:13
19	7	2018-05-26 08:35:42	2018-05-26 10:35:42
11	25	2018-02-22 06:57:43	2018-02-22 07:57:43
14	28	2018-05-23 01:15:07	2018-05-23 02:15:07
5	5	2018-02-01 09:23:40	2018-02-01 10:23:40
10	25	2018-10-08 14:31:21	2018-10-08 16:31:21
13	47	2018-08-16 17:46:51	2018-08-16 18:46:51
1	39	2018-07-08 00:44:45	2018-07-08 02:44:45
14	29	2018-06-04 09:42:21	2018-06-04 11:42:21
14	10	2018-01-24 19:13:42	2018-01-24 20:13:42
17	11	2018-10-01 17:15:37	2018-10-01 19:15:37
8	14	2018-08-30 11:50:04	2018-08-30 13:50:04
7	6	2018-06-22 02:55:19	2018-06-22 04:55:19
20	49	2018-01-09 07:11:13	2018-01-09 09:11:13
15	6	2018-07-25 10:41:12	2018-07-25 12:41:12
9	28	2018-06-29 22:30:20	2018-06-29 23:30:20
6	21	2018-05-30 10:18:24	2018-05-30 11:18:24
20	41	2018-07-16 19:06:58	2018-07-16 20:06:58
15	14	2018-02-24 19:01:24	2018-02-24 21:01:24
13	16	2018-06-14 16:24:01	2018-06-14 18:24:01
2	37	2018-02-14 12:41:12	2018-02-14 14:41:12
17	21	2018-02-26 06:16:37	2018-02-26 08:16:37
20	12	2018-09-17 07:38:19	2018-09-17 08:38:19
11	19	2018-10-20 00:54:41	2018-10-20 02:54:41
20	9	2018-09-16 13:57:04	2018-09-16 14:57:04
19	1	2018-05-05 06:40:05	2018-05-05 08:40:05
3	8	2018-02-03 01:32:28	2018-02-03 03:32:28
17	1	2018-02-28 12:11:07	2018-02-28 14:11:07
3	28	2018-06-21 05:24:25	2018-06-21 06:24:25
20	36	2018-10-17 18:24:32	2018-10-17 19:24:32
10	4	2018-06-30 03:46:28	2018-06-30 05:46:28
6	10	2018-08-16 16:48:09	2018-08-16 18:48:09
2	34	2018-01-08 23:40:16	2018-01-09 00:40:16
14	1	2018-04-07 11:40:12	2018-04-07 13:40:12
1	36	2018-08-24 06:28:23	2018-08-24 07:28:23
7	48	2018-08-28 16:43:04	2018-08-28 17:43:04
3	22	2018-05-11 03:03:55	2018-05-11 05:03:55
16	15	2018-01-30 10:03:50	2018-01-30 11:03:50
20	3	2018-01-11 19:29:20	2018-01-11 21:29:20
10	17	2018-03-18 21:31:51	2018-03-18 22:31:51
15	19	2018-04-25 19:31:54	2018-04-25 20:31:54
19	29	2018-06-04 02:40:37	2018-06-04 03:40:37
7	9	2018-09-15 10:04:39	2018-09-15 11:04:39
10	22	2018-06-04 04:51:40	2018-06-04 06:51:40
3	31	2018-05-05 21:03:05	2018-05-05 23:03:05
19	16	2018-06-01 22:39:01	2018-06-02 00:39:01
8	9	2018-04-01 18:39:31	2018-04-01 19:39:31
4	45	2018-03-16 08:27:44	2018-03-16 09:27:44
10	31	2018-06-15 00:06:25	2018-06-15 01:06:25
20	8	2018-04-17 16:58:42	2018-04-17 17:58:42
1	8	2018-04-19 09:22:26	2018-04-19 10:22:26
19	32	2018-05-28 09:34:18	2018-05-28 11:34:18
14	40	2018-03-17 03:05:49	2018-03-17 05:05:49
18	6	2018-05-19 13:45:47	2018-05-19 15:45:47
17	1	2018-08-24 07:18:10	2018-08-24 09:18:10
15	43	2018-11-21 21:40:59	2018-11-21 23:40:59
13	23	2018-07-20 03:09:44	2018-07-20 04:09:44
8	31	2018-09-12 18:17:50	2018-09-12 20:17:50
14	3	2018-03-22 12:02:54	2018-03-22 14:02:54
18	32	2018-02-21 03:35:09	2018-02-21 05:35:09
17	36	2018-06-04 01:30:31	2018-06-04 02:30:31
9	14	2018-10-13 10:12:42	2018-10-13 12:12:42
8	3	2018-08-15 23:37:34	2018-08-16 00:37:34
14	4	2018-08-22 05:18:16	2018-08-22 07:18:16
5	48	2018-07-14 10:36:35	2018-07-14 12:36:35
1	16	2018-09-30 13:39:32	2018-09-30 15:39:32
19	33	2018-05-14 06:16:20	2018-05-14 08:16:20
9	32	2018-07-28 13:41:56	2018-07-28 15:41:56
8	22	2018-04-15 02:33:22	2018-04-15 04:33:22
3	30	2018-03-29 11:17:53	2018-03-29 12:17:53
1	13	2018-05-20 02:03:41	2018-05-20 03:03:41
5	36	2018-01-21 08:46:33	2018-01-21 09:46:33
4	20	2018-04-17 23:49:57	2018-04-18 01:49:57
19	16	2018-10-05 18:12:02	2018-10-05 20:12:02
8	44	2018-03-16 21:17:02	2018-03-16 22:17:02
18	25	2018-07-15 14:15:04	2018-07-15 15:15:04
13	1	2018-02-08 15:24:38	2018-02-08 16:24:38
15	35	2018-10-26 00:02:18	2018-10-26 01:02:18
17	7	2018-04-21 15:49:02	2018-04-21 16:49:02
18	13	2018-04-12 21:40:16	2018-04-12 23:40:16
10	29	2018-07-31 04:30:35	2018-07-31 06:30:35
6	13	2018-05-01 00:04:24	2018-05-01 02:04:24
15	50	2018-05-11 12:23:13	2018-05-11 14:23:13
14	23	2018-10-09 01:30:07	2018-10-09 03:30:07
18	42	2018-08-20 12:36:21	2018-08-20 13:36:21
12	24	2018-11-23 02:08:32	2018-11-23 03:08:32
10	22	2018-11-15 14:14:38	2018-11-15 15:14:38
18	3	2018-11-17 05:58:16	2018-11-17 07:58:16
18	9	2018-03-07 00:11:26	2018-03-07 02:11:26
2	30	2018-01-05 11:25:13	2018-01-05 13:25:13
17	33	2018-03-26 13:54:45	2018-03-26 15:54:45
1	33	2018-09-20 08:12:21	2018-09-20 10:12:21
6	35	2018-02-23 21:10:30	2018-02-23 23:10:30
13	15	2018-03-21 00:56:54	2018-03-21 01:56:54
1	23	2018-01-26 00:57:57	2018-01-26 01:57:57
17	36	2018-05-03 11:43:06	2018-05-03 13:43:06
2	39	2018-02-12 10:30:44	2018-02-12 12:30:44
2	33	2018-06-30 14:16:48	2018-06-30 16:16:48
20	5	2018-04-21 08:37:28	2018-04-21 10:37:28
13	49	2018-01-08 07:24:36	2018-01-08 08:24:36
5	26	2018-10-19 22:57:00	2018-10-19 23:57:00
9	26	2018-08-02 13:37:47	2018-08-02 15:37:47
4	7	2018-10-14 07:59:04	2018-10-14 08:59:04
4	31	2018-04-23 06:13:51	2018-04-23 08:13:51
8	27	2018-03-04 15:20:11	2018-03-04 16:20:11
13	28	2018-09-21 18:58:53	2018-09-21 20:58:53
13	11	2018-04-01 17:44:29	2018-04-01 19:44:29
1	15	2018-06-03 18:19:55	2018-06-03 20:19:55
8	4	2018-09-03 05:32:53	2018-09-03 07:32:53
20	1	2018-07-04 13:02:25	2018-07-04 14:02:25
18	45	2018-07-28 13:34:33	2018-07-28 14:34:33
4	47	2018-08-30 17:26:22	2018-08-30 18:26:22
20	14	2018-07-27 02:31:48	2018-07-27 04:31:48
17	43	2018-10-10 07:39:13	2018-10-10 08:39:13
9	3	2018-02-17 12:16:29	2018-02-17 14:16:29
15	31	2018-06-25 04:57:06	2018-06-25 06:57:06
3	47	2018-04-08 08:11:20	2018-04-08 10:11:20
1	40	2018-03-06 20:53:19	2018-03-06 22:53:19
9	49	2018-09-22 10:36:31	2018-09-22 11:36:31
18	14	2018-11-03 23:59:37	2018-11-04 00:59:37
5	14	2018-01-30 13:54:12	2018-01-30 14:54:12
16	21	2018-07-28 11:05:22	2018-07-28 12:05:22
14	50	2018-06-01 15:23:25	2018-06-01 16:23:25
11	39	2018-09-01 17:14:08	2018-09-01 18:14:08
10	50	2018-09-28 02:59:18	2018-09-28 03:59:18
20	27	2018-11-04 14:12:58	2018-11-04 16:12:58
13	24	2018-01-11 08:09:36	2018-01-11 10:09:36
8	1	2018-11-13 21:54:35	2018-11-13 23:54:35
15	1	2018-04-09 17:38:49	2018-04-09 19:38:49
20	44	2018-10-07 21:47:13	2018-10-07 23:47:13
12	11	2018-04-17 22:40:17	2018-04-17 23:40:17
6	5	2018-11-04 09:17:51	2018-11-04 10:17:51
2	30	2018-01-08 15:17:16	2018-01-08 17:17:16
10	17	2018-04-16 21:59:08	2018-04-16 23:59:08
2	33	2018-10-08 09:49:47	2018-10-08 10:49:47
12	44	2018-11-24 18:56:12	2018-11-24 20:56:12
19	29	2018-04-08 08:15:47	2018-04-08 10:15:47
9	46	2018-11-23 14:44:35	2018-11-23 15:44:35
6	8	2018-11-15 19:22:14	2018-11-15 21:22:14
7	19	2018-06-13 09:23:49	2018-06-13 11:23:49
9	23	2018-02-06 11:51:22	2018-02-06 12:51:22
8	27	2018-08-18 20:21:44	2018-08-18 22:21:44
15	35	2018-07-02 04:25:03	2018-07-02 06:25:03
6	12	2018-09-24 19:57:08	2018-09-24 21:57:08
6	13	2018-03-16 22:33:35	2018-03-17 00:33:35
9	47	2018-04-04 21:42:10	2018-04-04 22:42:10
15	16	2018-02-03 09:31:36	2018-02-03 11:31:36
15	30	2018-02-19 03:08:26	2018-02-19 04:08:26
10	17	2018-09-17 00:22:22	2018-09-17 02:22:22
10	25	2018-06-20 01:04:46	2018-06-20 02:04:46
14	14	2018-09-16 16:43:44	2018-09-16 18:43:44
18	6	2018-10-08 07:24:35	2018-10-08 08:24:35
5	15	2018-02-21 19:53:05	2018-02-21 20:53:05
7	36	2018-11-11 04:08:40	2018-11-11 05:08:40
1	17	2018-07-07 12:36:48	2018-07-07 14:36:48
10	39	2018-10-17 08:44:39	2018-10-17 10:44:39
17	1	2018-06-29 20:48:47	2018-06-29 21:48:47
3	22	2018-01-01 05:00:25	2018-01-01 06:00:25
13	31	2018-09-16 17:57:13	2018-09-16 19:57:13
11	27	2018-10-18 06:10:49	2018-10-18 08:10:49
5	8	2018-04-25 23:49:40	2018-04-26 01:49:40
7	33	2018-02-28 09:11:48	2018-02-28 10:11:48
5	33	2018-10-24 01:11:32	2018-10-24 02:11:32
8	50	2018-07-09 10:08:17	2018-07-09 12:08:17
1	31	2018-11-16 11:00:06	2018-11-16 12:00:06
4	13	2018-03-17 12:24:10	2018-03-17 14:24:10
15	8	2018-05-16 20:50:17	2018-05-16 21:50:17
18	43	2018-07-05 14:19:26	2018-07-05 15:19:26
12	11	2018-03-23 10:43:06	2018-03-23 11:43:06
20	25	2018-02-15 18:00:42	2018-02-15 20:00:42
19	42	2018-08-01 21:12:46	2018-08-01 23:12:46
1	14	2018-11-02 03:48:50	2018-11-02 05:48:50
10	14	2018-11-04 04:31:25	2018-11-04 05:31:25
6	32	2018-04-21 07:43:39	2018-04-21 09:43:39
9	8	2018-11-05 14:05:53	2018-11-05 16:05:53
3	10	2018-04-16 08:42:39	2018-04-16 10:42:39
19	7	2018-03-28 14:50:37	2018-03-28 15:50:37
6	4	2018-01-30 09:24:29	2018-01-30 10:24:29
8	36	2018-07-16 18:54:07	2018-07-16 20:54:07
5	47	2018-05-18 10:37:52	2018-05-18 12:37:52
19	3	2018-03-09 06:33:21	2018-03-09 07:33:21
13	15	2018-07-15 05:47:58	2018-07-15 07:47:58
17	13	2018-02-10 15:59:42	2018-02-10 17:59:42
1	27	2018-09-03 17:26:40	2018-09-03 19:26:40
12	29	2018-03-02 17:27:58	2018-03-02 18:27:58
17	25	2018-02-12 15:19:59	2018-02-12 16:19:59
3	40	2018-02-08 01:30:21	2018-02-08 02:30:21
5	39	2018-11-05 22:04:20	2018-11-06 00:04:20
19	25	2018-08-17 00:38:21	2018-08-17 01:38:21
20	14	2018-06-17 22:57:14	2018-06-17 23:57:14
5	41	2018-03-31 02:41:56	2018-03-31 04:41:56
13	40	2018-05-17 21:15:04	2018-05-17 22:15:04
9	12	2018-10-12 17:23:13	2018-10-12 18:23:13
14	10	2018-02-10 22:13:29	2018-02-10 23:13:29
8	19	2018-09-21 08:31:18	2018-09-21 09:31:18
17	24	2018-02-04 23:52:32	2018-02-05 01:52:32
14	42	2018-03-25 05:30:34	2018-03-25 06:30:34
15	30	2018-08-22 03:08:03	2018-08-22 05:08:03
7	24	2018-09-21 22:51:30	2018-09-22 00:51:30
13	11	2018-07-10 13:39:02	2018-07-10 14:39:02
20	38	2018-06-30 07:28:19	2018-06-30 09:28:19
8	8	2018-11-14 08:26:39	2018-11-14 10:26:39
13	35	2018-05-02 09:33:46	2018-05-02 10:33:46
8	32	2018-08-15 00:47:50	2018-08-15 01:47:50
12	6	2018-06-29 15:29:53	2018-06-29 17:29:53
8	33	2018-07-30 07:11:13	2018-07-30 09:11:13
8	11	2017-12-31 23:30:29	2018-01-01 00:30:29
4	31	2018-10-08 14:03:38	2018-10-08 15:03:38
11	27	2018-06-21 08:42:06	2018-06-21 09:42:06
31	53	2018-06-16 12:50:04	2018-06-16 13:50:04
21	78	2018-05-10 10:13:06	2018-05-10 12:13:06
39	81	2018-05-10 02:28:50	2018-05-10 03:28:50
35	52	2018-02-27 17:07:05	2018-02-27 19:07:05
26	91	2018-10-15 19:12:00	2018-10-15 20:12:00
35	88	2018-04-01 23:21:15	2018-04-02 00:21:15
25	62	2018-01-01 17:15:00	2018-01-01 19:15:00
40	100	2018-05-21 10:31:50	2018-05-21 12:31:50
34	100	2018-01-08 23:03:45	2018-01-09 01:03:45
22	51	2018-02-10 00:47:38	2018-02-10 01:47:38
23	62	2018-03-07 08:55:32	2018-03-07 10:55:32
31	57	2018-10-12 14:40:27	2018-10-12 16:40:27
32	57	2018-03-11 03:02:28	2018-03-11 04:02:28
27	90	2018-08-29 02:41:04	2018-08-29 03:41:04
26	57	2018-11-07 05:36:30	2018-11-07 06:36:30
31	55	2018-09-17 15:33:55	2018-09-17 16:33:55
35	98	2018-05-25 12:51:30	2018-05-25 14:51:30
30	58	2018-11-26 09:15:41	2018-11-26 10:15:41
24	60	2018-08-05 15:46:54	2018-08-05 17:46:54
38	95	2018-10-24 07:32:48	2018-10-24 09:32:48
23	88	2018-03-04 14:52:56	2018-03-04 16:52:56
23	68	2018-03-16 06:14:05	2018-03-16 08:14:05
35	61	2018-10-11 21:42:46	2018-10-11 22:42:46
29	92	2018-05-17 09:46:06	2018-05-17 11:46:06
27	76	2018-11-14 18:09:55	2018-11-14 19:09:55
31	77	2018-08-06 04:01:29	2018-08-06 05:01:29
24	90	2018-06-06 08:51:07	2018-06-06 10:51:07
35	67	2018-06-12 21:19:54	2018-06-12 22:19:54
26	98	2018-08-28 16:58:19	2018-08-28 18:58:19
37	90	2018-04-20 16:26:21	2018-04-20 18:26:21
34	98	2018-01-15 19:39:31	2018-01-15 21:39:31
33	94	2018-09-27 09:11:13	2018-09-27 11:11:13
33	76	2018-07-15 16:57:45	2018-07-15 17:57:45
34	59	2018-05-24 11:34:29	2018-05-24 12:34:29
40	61	2018-07-30 02:11:18	2018-07-30 04:11:18
35	51	2018-01-21 18:41:24	2018-01-21 19:41:24
22	95	2018-03-10 02:38:40	2018-03-10 03:38:40
37	69	2018-04-24 15:59:19	2018-04-24 17:59:19
29	83	2018-02-01 20:43:21	2018-02-01 22:43:21
29	96	2018-06-20 16:47:25	2018-06-20 18:47:25
40	90	2018-11-23 15:18:23	2018-11-23 17:18:23
23	69	2018-07-11 16:12:35	2018-07-11 18:12:35
29	64	2018-07-23 09:34:09	2018-07-23 11:34:09
24	60	2018-06-10 18:22:32	2018-06-10 20:22:32
28	64	2018-06-27 21:42:53	2018-06-27 22:42:53
22	80	2018-01-22 11:47:25	2018-01-22 13:47:25
25	98	2018-04-08 12:51:34	2018-04-08 14:51:34
39	52	2018-05-22 11:32:29	2018-05-22 12:32:29
29	54	2018-01-31 00:47:46	2018-01-31 01:47:46
33	54	2018-10-30 15:31:34	2018-10-30 16:31:34
38	52	2018-05-14 06:04:57	2018-05-14 07:04:57
36	82	2018-08-28 21:45:53	2018-08-28 23:45:53
36	100	2018-07-01 17:35:44	2018-07-01 18:35:44
37	51	2018-04-26 13:47:31	2018-04-26 15:47:31
24	90	2018-08-17 09:23:28	2018-08-17 10:23:28
37	78	2018-10-31 17:08:21	2018-10-31 18:08:21
36	73	2018-10-24 21:36:31	2018-10-24 23:36:31
31	81	2018-11-12 10:07:55	2018-11-12 11:07:55
30	94	2018-03-15 22:51:39	2018-03-15 23:51:39
23	51	2018-10-31 22:37:13	2018-10-31 23:37:13
34	51	2018-10-28 05:46:47	2018-10-28 06:46:47
35	68	2018-01-22 19:09:58	2018-01-22 21:09:58
30	72	2018-06-09 17:52:33	2018-06-09 19:52:33
31	70	2018-05-30 07:20:32	2018-05-30 09:20:32
22	81	2018-03-21 17:11:50	2018-03-21 19:11:50
31	92	2018-09-08 10:24:00	2018-09-08 11:24:00
36	94	2018-04-09 02:08:29	2018-04-09 04:08:29
31	86	2018-07-24 02:48:31	2018-07-24 04:48:31
23	55	2018-01-20 20:36:37	2018-01-20 21:36:37
37	100	2018-09-29 01:40:28	2018-09-29 02:40:28
38	85	2018-04-15 09:17:45	2018-04-15 11:17:45
29	57	2018-01-25 07:06:58	2018-01-25 09:06:58
37	100	2018-10-05 09:30:16	2018-10-05 10:30:16
39	85	2018-04-17 02:16:41	2018-04-17 03:16:41
22	89	2018-04-18 23:20:24	2018-04-19 00:20:24
31	99	2018-07-17 04:21:28	2018-07-17 05:21:28
40	79	2018-10-23 07:28:20	2018-10-23 08:28:20
36	67	2018-10-02 14:04:52	2018-10-02 16:04:52
27	87	2018-05-31 10:10:14	2018-05-31 12:10:14
40	55	2018-10-16 17:32:36	2018-10-16 18:32:36
33	87	2018-09-13 09:25:36	2018-09-13 10:25:36
32	52	2018-04-09 21:52:48	2018-04-09 23:52:48
29	51	2018-08-18 03:58:56	2018-08-18 05:58:56
27	80	2018-05-03 13:35:51	2018-05-03 15:35:51
28	52	2018-07-22 17:03:44	2018-07-22 18:03:44
30	73	2018-03-09 20:43:16	2018-03-09 22:43:16
39	95	2018-07-21 10:09:13	2018-07-21 12:09:13
36	95	2018-03-17 08:20:01	2018-03-17 10:20:01
34	60	2018-01-31 02:51:26	2018-01-31 03:51:26
29	64	2018-01-17 23:47:10	2018-01-18 00:47:10
38	52	2018-03-29 03:35:59	2018-03-29 04:35:59
27	54	2018-08-08 02:20:42	2018-08-08 04:20:42
33	78	2018-03-30 09:50:02	2018-03-30 10:50:02
30	72	2018-01-24 08:09:57	2018-01-24 09:09:57
36	81	2018-09-07 09:08:03	2018-09-07 11:08:03
30	91	2018-09-11 11:58:36	2018-09-11 12:58:36
26	75	2018-05-29 20:48:24	2018-05-29 22:48:24
26	53	2018-01-31 15:28:04	2018-01-31 16:28:04
33	93	2018-01-10 19:22:12	2018-01-10 20:22:12
38	59	2018-05-05 04:51:04	2018-05-05 05:51:04
21	72	2018-04-10 16:38:15	2018-04-10 17:38:15
29	56	2018-07-29 06:08:59	2018-07-29 07:08:59
27	68	2018-10-06 11:06:43	2018-10-06 12:06:43
37	53	2018-06-10 09:25:23	2018-06-10 11:25:23
38	58	2018-10-06 09:21:55	2018-10-06 10:21:55
25	84	2018-09-21 07:13:55	2018-09-21 09:13:55
26	91	2018-01-09 23:39:44	2018-01-10 01:39:44
25	70	2018-09-06 03:31:27	2018-09-06 05:31:27
37	56	2018-05-12 09:21:57	2018-05-12 10:21:57
33	51	2018-01-07 23:51:07	2018-01-08 01:51:07
27	70	2018-05-01 12:18:19	2018-05-01 14:18:19
27	55	2018-08-14 04:43:41	2018-08-14 05:43:41
33	52	2018-06-22 01:21:19	2018-06-22 03:21:19
27	88	2018-11-23 03:46:20	2018-11-23 04:46:20
33	51	2018-10-25 01:59:51	2018-10-25 02:59:51
28	77	2018-06-30 07:57:59	2018-06-30 08:57:59
40	63	2018-09-29 16:10:31	2018-09-29 17:10:31
31	96	2018-09-26 21:06:56	2018-09-26 23:06:56
29	59	2018-05-07 13:58:07	2018-05-07 15:58:07
29	98	2018-04-19 04:14:38	2018-04-19 06:14:38
21	63	2018-10-07 21:58:08	2018-10-07 23:58:08
31	65	2018-04-04 09:36:46	2018-04-04 10:36:46
37	52	2018-09-27 14:51:03	2018-09-27 16:51:03
30	66	2018-10-24 23:23:47	2018-10-25 00:23:47
28	52	2018-01-19 06:59:13	2018-01-19 08:59:13
38	51	2018-09-10 09:56:41	2018-09-10 11:56:41
24	56	2018-07-31 13:11:47	2018-07-31 15:11:47
32	76	2018-02-13 23:03:56	2018-02-14 00:03:56
24	80	2018-06-20 11:39:25	2018-06-20 12:39:25
24	84	2018-07-08 07:26:33	2018-07-08 09:26:33
28	88	2018-11-14 12:12:41	2018-11-14 14:12:41
27	58	2018-03-11 10:37:44	2018-03-11 12:37:44
25	76	2018-06-04 15:41:21	2018-06-04 17:41:21
32	77	2018-07-22 12:33:31	2018-07-22 14:33:31
40	90	2018-06-11 00:49:31	2018-06-11 01:49:31
39	62	2018-06-28 12:11:44	2018-06-28 13:11:44
26	93	2018-01-12 01:20:41	2018-01-12 03:20:41
21	83	2018-02-07 16:00:09	2018-02-07 18:00:09
25	71	2018-06-25 13:28:19	2018-06-25 14:28:19
30	73	2018-06-14 16:57:29	2018-06-14 18:57:29
32	72	2018-10-04 16:05:03	2018-10-04 18:05:03
32	70	2018-09-12 09:35:38	2018-09-12 11:35:38
28	82	2018-01-10 03:16:39	2018-01-10 05:16:39
21	89	2018-02-21 22:25:07	2018-02-22 00:25:07
23	81	2018-01-23 13:15:13	2018-01-23 15:15:13
29	89	2018-08-24 17:22:06	2018-08-24 18:22:06
23	99	2018-06-26 13:15:06	2018-06-26 14:15:06
34	89	2018-09-13 06:49:53	2018-09-13 08:49:53
21	63	2018-04-18 14:05:55	2018-04-18 15:05:55
24	66	2018-10-01 19:10:43	2018-10-01 21:10:43
25	53	2018-03-09 23:04:57	2018-03-10 00:04:57
24	61	2018-09-07 09:46:40	2018-09-07 10:46:40
25	87	2018-04-22 02:27:40	2018-04-22 03:27:40
26	73	2018-02-02 01:14:09	2018-02-02 02:14:09
37	98	2018-06-23 06:12:14	2018-06-23 07:12:14
24	56	2018-08-26 08:07:47	2018-08-26 09:07:47
30	95	2018-04-17 10:37:50	2018-04-17 12:37:50
27	70	2018-03-30 06:37:47	2018-03-30 07:37:47
31	68	2018-07-31 18:56:23	2018-07-31 20:56:23
25	69	2018-08-15 15:17:59	2018-08-15 17:17:59
28	85	2018-10-11 22:05:32	2018-10-11 23:05:32
39	70	2018-09-04 10:51:00	2018-09-04 11:51:00
25	81	2018-06-28 05:19:06	2018-06-28 07:19:06
35	70	2018-09-08 21:08:47	2018-09-08 22:08:47
22	55	2018-10-06 08:20:41	2018-10-06 10:20:41
27	91	2018-02-24 21:50:44	2018-02-24 23:50:44
40	94	2018-01-17 23:08:43	2018-01-18 00:08:43
23	64	2018-09-18 05:12:55	2018-09-18 07:12:55
36	90	2018-11-14 07:17:47	2018-11-14 08:17:47
32	67	2018-06-23 20:25:14	2018-06-23 22:25:14
27	53	2018-01-17 23:47:02	2018-01-18 01:47:02
36	94	2018-11-13 20:59:20	2018-11-13 22:59:20
22	97	2018-01-27 05:03:49	2018-01-27 07:03:49
30	96	2018-10-20 04:48:18	2018-10-20 06:48:18
25	94	2018-02-04 11:41:05	2018-02-04 12:41:05
21	57	2018-08-26 19:54:20	2018-08-26 21:54:20
40	100	2018-04-27 10:45:22	2018-04-27 11:45:22
38	94	2018-02-28 05:36:44	2018-02-28 06:36:44
28	54	2018-07-22 23:03:26	2018-07-23 01:03:26
31	90	2018-02-25 18:51:22	2018-02-25 19:51:22
40	66	2018-11-04 19:46:09	2018-11-04 20:46:09
30	83	2018-09-19 11:57:56	2018-09-19 12:57:56
31	70	2018-09-28 16:14:39	2018-09-28 17:14:39
34	83	2018-04-26 20:29:31	2018-04-26 21:29:31
21	85	2018-03-07 16:20:24	2018-03-07 18:20:24
35	95	2018-04-10 20:11:25	2018-04-10 21:11:25
31	83	2018-08-23 10:31:57	2018-08-23 12:31:57
38	86	2018-10-23 14:53:15	2018-10-23 15:53:15
31	71	2018-02-19 16:49:22	2018-02-19 18:49:22
34	86	2018-02-25 07:34:14	2018-02-25 09:34:14
28	72	2018-10-19 23:26:13	2018-10-20 01:26:13
38	69	2018-09-12 12:52:29	2018-09-12 14:52:29
28	79	2018-04-03 08:56:53	2018-04-03 09:56:53
33	87	2018-01-31 13:16:57	2018-01-31 15:16:57
28	55	2018-02-28 22:28:14	2018-02-28 23:28:14
31	98	2018-08-23 20:20:49	2018-08-23 22:20:49
28	72	2018-07-28 23:02:07	2018-07-29 01:02:07
36	82	2018-04-26 03:59:26	2018-04-26 04:59:26
27	83	2018-09-16 19:32:58	2018-09-16 21:32:58
32	72	2018-03-02 22:57:33	2018-03-02 23:57:33
38	70	2018-05-16 12:08:39	2018-05-16 14:08:39
28	51	2018-07-23 10:55:51	2018-07-23 12:55:51
40	67	2018-11-07 16:19:29	2018-11-07 18:19:29
33	83	2018-02-05 16:35:22	2018-02-05 17:35:22
30	97	2018-04-27 04:37:56	2018-04-27 06:37:56
23	60	2018-05-24 06:42:26	2018-05-24 07:42:26
28	74	2018-01-20 04:12:38	2018-01-20 06:12:38
25	86	2018-05-06 23:46:59	2018-05-07 01:46:59
27	59	2018-07-29 15:47:39	2018-07-29 17:47:39
21	51	2018-01-29 13:58:02	2018-01-29 15:58:02
24	91	2018-04-15 15:42:42	2018-04-15 17:42:42
37	77	2018-03-31 01:03:25	2018-03-31 03:03:25
27	54	2018-05-05 11:46:12	2018-05-05 12:46:12
22	98	2018-03-17 13:50:30	2018-03-17 14:50:30
27	87	2018-09-08 13:31:27	2018-09-08 15:31:27
25	81	2018-07-05 19:35:38	2018-07-05 20:35:38
37	77	2018-03-24 11:55:30	2018-03-24 12:55:30
32	63	2018-03-15 14:42:31	2018-03-15 16:42:31
23	95	2018-11-18 06:54:14	2018-11-18 08:54:14
28	93	2018-08-27 05:47:31	2018-08-27 07:47:31
27	92	2018-06-25 12:46:23	2018-06-25 14:46:23
37	99	2018-11-11 15:34:20	2018-11-11 16:34:20
26	62	2018-07-05 07:47:51	2018-07-05 09:47:51
24	60	2018-07-22 08:27:44	2018-07-22 09:27:44
32	73	2018-06-12 02:38:28	2018-06-12 03:38:28
21	83	2018-01-12 05:54:35	2018-01-12 07:54:35
25	62	2018-02-16 00:59:12	2018-02-16 01:59:12
38	95	2018-10-11 02:00:20	2018-10-11 04:00:20
26	61	2018-07-17 05:18:01	2018-07-17 07:18:01
25	52	2018-09-23 20:16:17	2018-09-23 21:16:17
29	75	2018-10-28 18:08:26	2018-10-28 20:08:26
24	99	2018-11-18 12:25:11	2018-11-18 14:25:11
40	60	2018-07-04 23:26:37	2018-07-05 00:26:37
25	97	2018-06-13 21:41:03	2018-06-13 23:41:03
38	60	2018-02-12 15:16:20	2018-02-12 16:16:20
31	93	2018-07-20 01:57:40	2018-07-20 02:57:40
40	59	2018-10-10 23:53:43	2018-10-11 01:53:43
21	99	2018-08-09 18:46:46	2018-08-09 19:46:46
33	65	2018-03-30 03:02:14	2018-03-30 04:02:14
40	84	2018-07-24 20:03:11	2018-07-24 21:03:11
21	86	2018-07-13 13:12:07	2018-07-13 15:12:07
23	54	2018-10-20 03:31:14	2018-10-20 04:31:14
35	94	2018-08-19 22:40:58	2018-08-20 00:40:58
21	72	2018-11-19 08:25:52	2018-11-19 09:25:52
21	94	2018-04-22 12:11:47	2018-04-22 14:11:47
29	85	2018-05-24 17:24:18	2018-05-24 19:24:18
34	62	2018-02-02 13:08:07	2018-02-02 14:08:07
28	79	2018-04-22 08:04:50	2018-04-22 10:04:50
29	100	2018-07-06 17:08:17	2018-07-06 18:08:17
34	68	2018-02-28 22:47:38	2018-03-01 00:47:38
24	96	2018-08-08 02:54:46	2018-08-08 04:54:46
34	54	2018-06-21 18:55:04	2018-06-21 20:55:04
36	97	2018-01-28 03:59:02	2018-01-28 05:59:02
33	62	2018-07-10 23:15:37	2018-07-11 00:15:37
27	74	2018-06-08 07:03:58	2018-06-08 09:03:58
32	76	2018-08-15 15:22:47	2018-08-15 16:22:47
31	64	2018-09-04 22:36:49	2018-09-04 23:36:49
31	80	2018-07-09 05:09:22	2018-07-09 07:09:22
28	79	2018-10-28 05:53:47	2018-10-28 06:53:47
38	69	2018-05-28 22:26:43	2018-05-28 23:26:43
21	66	2018-04-23 17:57:46	2018-04-23 19:57:46
31	92	2018-02-19 01:04:34	2018-02-19 02:04:34
39	65	2018-04-16 00:13:04	2018-04-16 02:13:04
31	69	2018-02-22 17:57:23	2018-02-22 19:57:23
40	94	2018-01-11 19:40:19	2018-01-11 20:40:19
37	74	2018-06-05 15:40:09	2018-06-05 17:40:09
29	63	2018-02-06 10:59:21	2018-02-06 12:59:21
32	60	2018-06-12 05:25:25	2018-06-12 06:25:25
36	92	2018-10-17 11:37:37	2018-10-17 13:37:37
37	73	2018-04-26 23:32:11	2018-04-27 00:32:11
26	66	2018-09-19 19:06:31	2018-09-19 20:06:31
30	95	2018-01-12 04:18:00	2018-01-12 06:18:00
37	85	2018-03-20 18:52:12	2018-03-20 19:52:12
40	54	2018-01-28 14:32:22	2018-01-28 16:32:22
31	59	2018-05-20 12:13:34	2018-05-20 13:13:34
30	90	2018-03-14 20:00:55	2018-03-14 22:00:55
31	96	2018-02-09 12:16:03	2018-02-09 14:16:03
21	61	2018-06-21 19:09:54	2018-06-21 21:09:54
25	65	2018-07-13 13:21:21	2018-07-13 15:21:21
29	90	2018-03-25 19:01:42	2018-03-25 21:01:42
36	74	2018-10-31 03:00:47	2018-10-31 05:00:47
31	67	2018-02-12 14:16:11	2018-02-12 16:16:11
30	69	2018-03-19 10:19:43	2018-03-19 12:19:43
38	82	2018-01-27 04:11:05	2018-01-27 06:11:05
21	54	2018-03-08 19:30:40	2018-03-08 20:30:40
31	87	2018-08-18 00:46:05	2018-08-18 01:46:05
32	86	2018-09-22 16:07:16	2018-09-22 17:07:16
28	53	2018-08-05 02:32:19	2018-08-05 03:32:19
31	97	2018-08-17 20:21:47	2018-08-17 22:21:47
32	74	2018-07-30 10:33:01	2018-07-30 11:33:01
33	78	2018-03-19 12:15:07	2018-03-19 14:15:07
35	60	2018-06-23 04:02:26	2018-06-23 06:02:26
38	52	2018-01-07 15:21:55	2018-01-07 16:21:55
30	72	2018-02-17 01:27:50	2018-02-17 02:27:50
31	87	2018-01-20 23:04:59	2018-01-21 01:04:59
24	100	2018-04-26 03:27:26	2018-04-26 04:27:26
31	81	2018-01-14 15:32:39	2018-01-14 17:32:39
39	87	2018-03-10 03:24:42	2018-03-10 05:24:42
31	75	2018-10-25 15:49:10	2018-10-25 16:49:10
30	89	2018-09-15 11:29:28	2018-09-15 12:29:28
38	59	2018-09-30 11:34:35	2018-09-30 13:34:35
31	71	2018-06-14 17:29:21	2018-06-14 19:29:21
32	72	2018-02-01 00:04:58	2018-02-01 01:04:58
26	62	2018-10-14 19:58:48	2018-10-14 21:58:48
40	69	2018-09-21 14:03:30	2018-09-21 15:03:30
39	84	2018-06-26 15:45:23	2018-06-26 17:45:23
40	64	2018-04-04 19:37:14	2018-04-04 20:37:14
34	77	2018-01-15 08:37:28	2018-01-15 09:37:28
24	90	2018-09-03 16:23:45	2018-09-03 17:23:45
33	67	2018-10-22 09:48:10	2018-10-22 10:48:10
33	84	2018-07-25 22:16:18	2018-07-25 23:16:18
22	55	2018-10-10 23:17:42	2018-10-11 01:17:42
32	76	2018-03-04 07:02:29	2018-03-04 09:02:29
30	60	2018-01-19 07:37:53	2018-01-19 08:37:53
36	53	2018-05-18 13:51:28	2018-05-18 14:51:28
39	63	2018-10-10 21:57:22	2018-10-10 23:57:22
26	73	2018-01-18 06:37:15	2018-01-18 07:37:15
28	79	2018-08-16 05:01:41	2018-08-16 06:01:41
31	69	2018-03-17 10:47:53	2018-03-17 12:47:53
24	79	2018-08-19 04:07:19	2018-08-19 06:07:19
24	70	2018-07-26 09:52:41	2018-07-26 10:52:41
21	66	2018-04-01 01:50:05	2018-04-01 02:50:05
25	81	2018-06-25 05:24:09	2018-06-25 06:24:09
39	86	2018-07-26 23:47:07	2018-07-27 01:47:07
39	54	2018-11-05 21:45:27	2018-11-05 22:45:27
37	97	2018-03-10 14:13:29	2018-03-10 15:13:29
31	70	2018-08-12 18:52:13	2018-08-12 20:52:13
21	65	2018-02-12 08:46:30	2018-02-12 10:46:30
34	92	2018-03-31 10:30:21	2018-03-31 11:30:21
28	65	2018-09-02 03:17:33	2018-09-02 05:17:33
23	79	2018-02-09 16:03:12	2018-02-09 17:03:12
31	72	2018-07-30 03:18:59	2018-07-30 05:18:59
25	63	2018-08-11 02:35:21	2018-08-11 04:35:21
26	60	2018-05-27 02:08:32	2018-05-27 04:08:32
28	63	2018-03-17 21:38:58	2018-03-17 22:38:58
39	67	2018-09-21 17:08:04	2018-09-21 18:08:04
40	55	2018-03-04 06:50:45	2018-03-04 07:50:45
21	57	2018-03-17 04:11:32	2018-03-17 05:11:32
34	75	2018-08-10 01:46:05	2018-08-10 03:46:05
30	87	2018-09-26 17:31:43	2018-09-26 19:31:43
32	75	2018-08-13 12:39:27	2018-08-13 14:39:27
39	73	2018-07-24 16:18:14	2018-07-24 17:18:14
38	74	2018-02-16 21:38:51	2018-02-16 22:38:51
30	76	2018-07-06 20:52:10	2018-07-06 21:52:10
23	84	2018-07-07 21:17:27	2018-07-07 23:17:27
29	94	2018-05-19 07:56:23	2018-05-19 08:56:23
29	51	2018-03-29 09:15:52	2018-03-29 11:15:52
30	78	2018-11-04 22:04:04	2018-11-04 23:04:04
33	100	2018-01-03 15:38:15	2018-01-03 17:38:15
27	69	2018-06-06 02:05:32	2018-06-06 04:05:32
23	79	2018-01-02 02:32:45	2018-01-02 03:32:45
21	98	2018-02-23 06:50:48	2018-02-23 08:50:48
29	79	2018-03-19 23:01:59	2018-03-20 00:01:59
31	99	2018-07-21 13:17:01	2018-07-21 14:17:01
27	83	2018-10-23 12:22:56	2018-10-23 14:22:56
39	69	2018-11-15 15:51:58	2018-11-15 17:51:58
36	59	2018-03-06 00:51:50	2018-03-06 01:51:50
27	83	2018-11-19 14:43:22	2018-11-19 15:43:22
21	75	2018-11-15 11:39:21	2018-11-15 13:39:21
37	87	2018-08-23 01:28:12	2018-08-23 03:28:12
29	95	2018-07-29 03:19:01	2018-07-29 04:19:01
32	62	2018-03-27 08:07:15	2018-03-27 09:07:15
21	98	2018-10-15 13:03:23	2018-10-15 14:03:23
33	76	2018-02-27 19:03:34	2018-02-27 20:03:34
22	90	2018-06-16 11:23:20	2018-06-16 12:23:20
36	69	2018-08-12 07:31:19	2018-08-12 09:31:19
39	58	2018-11-02 08:16:44	2018-11-02 10:16:44
32	97	2018-08-22 17:35:47	2018-08-22 18:35:47
22	96	2018-02-07 22:40:10	2018-02-08 00:40:10
26	96	2018-07-23 11:01:47	2018-07-23 12:01:47
28	70	2018-04-27 02:24:45	2018-04-27 03:24:45
38	80	2018-08-27 17:07:24	2018-08-27 19:07:24
35	73	2018-06-23 22:52:53	2018-06-24 00:52:53
23	72	2018-11-09 06:24:57	2018-11-09 07:24:57
38	75	2018-09-08 22:49:26	2018-09-08 23:49:26
30	95	2018-03-03 01:39:37	2018-03-03 03:39:37
22	72	2018-11-06 11:18:59	2018-11-06 13:18:59
26	78	2018-06-20 02:29:15	2018-06-20 04:29:15
24	94	2018-02-27 05:32:46	2018-02-27 06:32:46
31	60	2018-01-01 16:59:40	2018-01-01 18:59:40
27	60	2018-07-07 16:34:23	2018-07-07 18:34:23
36	85	2018-01-24 00:25:28	2018-01-24 01:25:28
24	64	2018-10-04 11:50:07	2018-10-04 13:50:07
30	57	2018-02-25 21:16:47	2018-02-25 23:16:47
23	52	2018-05-15 07:16:03	2018-05-15 09:16:03
37	67	2018-08-02 15:15:30	2018-08-02 16:15:30
33	64	2018-10-07 17:42:20	2018-10-07 18:42:20
36	69	2018-09-12 04:46:05	2018-09-12 06:46:05
36	86	2018-07-14 20:49:55	2018-07-14 22:49:55
24	91	2018-06-11 20:31:41	2018-06-11 21:31:41
26	85	2018-11-12 18:23:53	2018-11-12 19:23:53
36	71	2018-02-23 06:32:09	2018-02-23 08:32:09
30	75	2018-04-04 00:36:33	2018-04-04 02:36:33
35	87	2018-04-09 06:02:10	2018-04-09 07:02:10
22	96	2018-06-30 01:57:50	2018-06-30 03:57:50
35	88	2018-09-27 02:03:05	2018-09-27 03:03:05
39	52	2018-07-12 10:55:00	2018-07-12 12:55:00
35	69	2018-02-17 00:42:51	2018-02-17 02:42:51
36	66	2018-10-22 20:08:14	2018-10-22 21:08:14
22	71	2018-04-03 06:47:20	2018-04-03 07:47:20
23	68	2018-01-20 12:37:59	2018-01-20 14:37:59
21	83	2018-04-13 03:20:24	2018-04-13 04:20:24
32	95	2018-10-07 01:19:10	2018-10-07 03:19:10
32	88	2018-06-11 11:46:32	2018-06-11 12:46:32
23	64	2018-06-25 04:16:54	2018-06-25 05:16:54
32	84	2018-02-15 10:29:41	2018-02-15 12:29:41
36	60	2018-07-27 21:11:30	2018-07-27 22:11:30
31	74	2018-04-12 16:05:49	2018-04-12 18:05:49
21	70	2018-10-25 06:23:06	2018-10-25 07:23:06
31	86	2018-02-13 19:26:29	2018-02-13 21:26:29
39	57	2018-07-13 01:06:48	2018-07-13 02:06:48
29	75	2018-10-27 00:04:08	2018-10-27 02:04:08
30	58	2018-02-14 06:34:07	2018-02-14 07:34:07
30	94	2018-06-23 10:09:59	2018-06-23 12:09:59
31	97	2018-05-06 20:38:47	2018-05-06 22:38:47
36	97	2018-11-08 07:19:42	2018-11-08 09:19:42
25	70	2018-03-20 22:55:49	2018-03-20 23:55:49
38	89	2018-07-12 09:49:55	2018-07-12 10:49:55
24	73	2018-10-17 14:45:48	2018-10-17 16:45:48
35	98	2018-03-28 01:11:05	2018-03-28 03:11:05
21	69	2018-02-05 05:56:38	2018-02-05 06:56:38
21	86	2018-04-05 09:20:30	2018-04-05 11:20:30
40	76	2018-04-04 10:05:29	2018-04-04 12:05:29
39	59	2018-03-12 15:49:18	2018-03-12 17:49:18
28	70	2018-09-17 20:46:07	2018-09-17 22:46:07
39	65	2018-04-03 21:51:03	2018-04-03 23:51:03
30	52	2018-10-04 19:45:25	2018-10-04 20:45:25
26	78	2018-05-20 03:44:18	2018-05-20 04:44:18
22	51	2018-03-14 20:10:33	2018-03-14 22:10:33
32	80	2018-08-16 11:37:11	2018-08-16 13:37:11
30	63	2018-09-30 23:21:19	2018-10-01 01:21:19
21	72	2018-06-22 15:32:50	2018-06-22 17:32:50
25	94	2018-01-26 20:23:31	2018-01-26 22:23:31
33	75	2018-05-17 20:13:59	2018-05-17 22:13:59
32	79	2018-02-02 05:57:04	2018-02-02 07:57:04
29	67	2018-03-21 11:33:18	2018-03-21 12:33:18
37	93	2018-02-20 17:20:57	2018-02-20 19:20:57
31	89	2018-08-21 00:06:44	2018-08-21 02:06:44
32	68	2018-11-03 18:49:20	2018-11-03 19:49:20
30	100	2018-08-15 07:24:30	2018-08-15 09:24:30
30	55	2018-08-07 18:05:53	2018-08-07 20:05:53
33	89	2018-02-27 03:29:30	2018-02-27 04:29:30
27	59	2018-02-12 21:06:30	2018-02-12 23:06:30
31	78	2018-03-25 11:04:58	2018-03-25 12:04:58
34	71	2018-08-31 09:13:14	2018-08-31 10:13:14
39	75	2018-03-31 09:21:44	2018-03-31 10:21:44
37	73	2018-04-13 10:34:38	2018-04-13 11:34:38
38	99	2018-03-30 21:21:16	2018-03-30 22:21:16
25	85	2018-04-01 18:05:59	2018-04-01 19:05:59
26	93	2018-07-20 14:31:16	2018-07-20 16:31:16
33	86	2018-05-05 16:35:27	2018-05-05 17:35:27
24	62	2018-04-03 07:08:48	2018-04-03 08:08:48
24	74	2018-06-22 10:10:24	2018-06-22 11:10:24
27	55	2018-11-09 13:26:14	2018-11-09 15:26:14
27	97	2018-01-11 14:27:49	2018-01-11 16:27:49
28	54	2018-11-16 07:09:17	2018-11-16 08:09:17
35	61	2018-06-10 00:05:05	2018-06-10 02:05:05
26	58	2018-11-02 03:43:11	2018-11-02 04:43:11
23	58	2018-03-29 14:28:24	2018-03-29 16:28:24
40	72	2018-03-06 14:33:03	2018-03-06 16:33:03
28	52	2018-06-27 08:23:16	2018-06-27 10:23:16
39	62	2018-05-01 08:23:59	2018-05-01 09:23:59
35	84	2018-07-19 00:49:55	2018-07-19 02:49:55
24	79	2018-11-13 23:05:36	2018-11-14 00:05:36
34	69	2018-06-16 08:11:08	2018-06-16 10:11:08
33	53	2018-02-07 08:46:28	2018-02-07 09:46:28
30	79	2018-01-30 21:17:10	2018-01-30 22:17:10
37	72	2018-08-11 18:34:00	2018-08-11 20:34:00
34	64	2018-04-22 13:54:28	2018-04-22 14:54:28
33	75	2018-06-05 08:32:42	2018-06-05 09:32:42
26	88	2018-10-28 01:05:55	2018-10-28 03:05:55
34	64	2018-05-04 07:53:48	2018-05-04 09:53:48
26	61	2018-07-20 02:52:19	2018-07-20 03:52:19
29	68	2018-08-11 01:18:47	2018-08-11 03:18:47
39	57	2018-08-16 15:01:00	2018-08-16 16:01:00
23	82	2018-06-27 07:47:53	2018-06-27 08:47:53
23	60	2018-07-20 07:11:36	2018-07-20 08:11:36
31	86	2018-09-13 01:50:03	2018-09-13 03:50:03
32	74	2018-03-30 22:44:04	2018-03-30 23:44:04
23	80	2018-07-23 14:02:13	2018-07-23 16:02:13
21	62	2018-03-20 13:21:42	2018-03-20 14:21:42
30	100	2018-08-21 02:46:12	2018-08-21 04:46:12
26	52	2018-05-12 00:04:35	2018-05-12 01:04:35
28	76	2018-02-20 08:09:46	2018-02-20 10:09:46
28	97	2018-01-01 16:58:59	2018-01-01 18:58:59
23	62	2018-11-07 07:07:01	2018-11-07 09:07:01
32	94	2018-04-29 07:29:00	2018-04-29 08:29:00
34	70	2018-10-20 09:28:09	2018-10-20 11:28:09
30	74	2018-02-18 22:01:53	2018-02-19 00:01:53
28	86	2018-03-16 03:03:09	2018-03-16 04:03:09
26	68	2018-03-10 04:38:28	2018-03-10 06:38:28
35	66	2018-05-20 04:40:57	2018-05-20 06:40:57
21	67	2018-04-08 04:54:02	2018-04-08 06:54:02
27	61	2018-06-06 23:27:59	2018-06-07 01:27:59
35	91	2018-02-15 16:45:00	2018-02-15 18:45:00
22	76	2018-10-02 03:33:10	2018-10-02 05:33:10
22	55	2018-02-17 22:36:12	2018-02-18 00:36:12
36	91	2018-01-21 17:20:51	2018-01-21 18:20:51
32	70	2018-06-12 10:31:37	2018-06-12 12:31:37
27	68	2018-09-25 04:02:42	2018-09-25 05:02:42
21	74	2018-03-03 17:30:00	2018-03-03 18:30:00
38	91	2018-01-19 14:35:43	2018-01-19 15:35:43
29	99	2018-05-18 17:46:50	2018-05-18 19:46:50
29	99	2018-07-24 08:58:35	2018-07-24 10:58:35
33	55	2018-03-02 16:12:10	2018-03-02 17:12:10
38	59	2018-02-05 01:28:11	2018-02-05 03:28:11
38	71	2018-05-01 03:08:11	2018-05-01 04:08:11
28	54	2018-09-22 22:14:29	2018-09-22 23:14:29
22	64	2018-11-26 06:05:16	2018-11-26 07:05:16
40	82	2018-11-20 01:13:29	2018-11-20 03:13:29
23	80	2018-05-17 19:27:22	2018-05-17 21:27:22
28	59	2018-08-23 19:18:10	2018-08-23 20:18:10
38	84	2018-07-13 19:25:38	2018-07-13 20:25:38
24	52	2018-01-06 06:49:40	2018-01-06 08:49:40
36	71	2018-07-09 04:00:28	2018-07-09 05:00:28
24	67	2018-11-26 03:24:07	2018-11-26 05:24:07
26	96	2018-06-13 01:56:55	2018-06-13 02:56:55
38	69	2018-05-10 18:57:49	2018-05-10 20:57:49
39	87	2018-06-18 20:23:46	2018-06-18 21:23:46
30	74	2018-03-10 14:50:37	2018-03-10 15:50:37
23	58	2018-10-11 02:01:09	2018-10-11 04:01:09
24	98	2018-06-25 01:13:07	2018-06-25 02:13:07
34	93	2018-04-24 21:25:20	2018-04-24 23:25:20
39	64	2018-02-17 22:36:01	2018-02-18 00:36:01
29	51	2018-07-26 07:39:10	2018-07-26 08:39:10
38	77	2018-04-08 15:35:43	2018-04-08 17:35:43
28	60	2018-06-14 06:25:22	2018-06-14 07:25:22
24	64	2018-10-10 04:39:25	2018-10-10 05:39:25
31	73	2018-07-19 10:53:26	2018-07-19 12:53:26
35	54	2018-08-14 15:41:18	2018-08-14 17:41:18
32	84	2018-07-05 21:45:51	2018-07-05 22:45:51
24	54	2018-02-16 00:29:53	2018-02-16 01:29:53
23	65	2018-03-25 16:59:34	2018-03-25 17:59:34
32	90	2018-02-02 18:55:38	2018-02-02 20:55:38
34	83	2018-07-20 14:54:50	2018-07-20 15:54:50
33	54	2018-07-01 13:23:34	2018-07-01 14:23:34
23	84	2018-03-31 11:56:01	2018-03-31 12:56:01
40	75	2018-02-28 13:13:15	2018-02-28 14:13:15
34	73	2018-11-01 01:26:01	2018-11-01 02:26:01
35	88	2018-09-30 08:00:35	2018-09-30 09:00:35
28	92	2018-06-07 05:05:04	2018-06-07 06:05:04
21	82	2018-08-29 03:41:13	2018-08-29 04:41:13
34	80	2018-10-26 14:32:29	2018-10-26 15:32:29
39	61	2018-04-18 15:55:22	2018-04-18 17:55:22
36	63	2018-06-07 05:02:13	2018-06-07 06:02:13
30	75	2018-07-15 11:02:25	2018-07-15 12:02:25
35	100	2018-08-18 15:49:09	2018-08-18 16:49:09
23	65	2018-02-02 12:10:36	2018-02-02 14:10:36
37	95	2018-04-14 04:06:24	2018-04-14 05:06:24
39	91	2018-05-21 18:34:01	2018-05-21 19:34:01
35	71	2018-01-08 14:12:01	2018-01-08 15:12:01
34	100	2018-09-18 21:53:18	2018-09-18 23:53:18
24	97	2018-08-18 06:42:47	2018-08-18 07:42:47
24	67	2018-11-23 08:47:37	2018-11-23 09:47:37
33	79	2018-02-14 06:52:15	2018-02-14 07:52:15
37	62	2018-06-02 02:18:35	2018-06-02 03:18:35
39	57	2018-04-26 01:45:11	2018-04-26 03:45:11
31	51	2018-11-08 01:02:56	2018-11-08 02:02:56
29	77	2018-03-25 23:13:41	2018-03-26 00:13:41
21	98	2018-01-26 00:24:03	2018-01-26 02:24:03
25	60	2018-07-30 02:41:12	2018-07-30 04:41:12
38	68	2018-07-03 13:16:32	2018-07-03 15:16:32
33	85	2018-10-29 21:39:48	2018-10-29 22:39:48
33	80	2018-09-25 20:40:21	2018-09-25 22:40:21
37	51	2018-01-07 15:08:29	2018-01-07 16:08:29
23	94	2018-03-05 14:49:55	2018-03-05 16:49:55
22	94	2018-08-29 19:02:41	2018-08-29 20:02:41
29	53	2018-10-17 10:13:52	2018-10-17 11:13:52
26	80	2018-04-14 13:22:49	2018-04-14 14:22:49
32	92	2018-07-26 16:21:48	2018-07-26 17:21:48
27	74	2018-05-09 05:40:10	2018-05-09 06:40:10
36	60	2018-02-21 12:51:46	2018-02-21 14:51:46
28	100	2018-01-14 22:09:55	2018-01-14 23:09:55
40	87	2018-08-29 03:10:43	2018-08-29 04:10:43
21	63	2018-08-28 18:58:20	2018-08-28 19:58:20
34	81	2018-09-03 13:08:07	2018-09-03 14:08:07
38	59	2018-02-04 00:34:19	2018-02-04 02:34:19
27	68	2018-01-07 09:50:26	2018-01-07 10:50:26
25	75	2018-10-11 21:23:33	2018-10-11 22:23:33
27	93	2018-10-15 01:15:16	2018-10-15 03:15:16
29	80	2018-08-26 09:44:09	2018-08-26 11:44:09
30	94	2018-06-07 02:21:47	2018-06-07 04:21:47
31	79	2018-04-18 03:46:56	2018-04-18 05:46:56
39	70	2018-06-18 03:08:19	2018-06-18 04:08:19
27	83	2018-10-21 11:21:47	2018-10-21 12:21:47
40	63	2018-01-12 14:21:38	2018-01-12 16:21:38
27	81	2018-07-30 02:28:20	2018-07-30 04:28:20
33	62	2018-10-14 03:15:35	2018-10-14 05:15:35
22	53	2018-01-10 04:56:04	2018-01-10 06:56:04
35	52	2018-03-29 17:02:27	2018-03-29 18:02:27
29	63	2018-05-20 15:32:40	2018-05-20 16:32:40
26	71	2018-01-17 05:11:30	2018-01-17 06:11:30
26	100	2018-08-22 09:19:31	2018-08-22 10:19:31
28	95	2018-11-20 15:57:56	2018-11-20 16:57:56
32	84	2018-11-05 20:44:25	2018-11-05 21:44:25
31	82	2018-02-17 14:55:31	2018-02-17 15:55:31
27	74	2018-09-15 06:22:15	2018-09-15 07:22:15
35	55	2018-04-10 03:57:42	2018-04-10 05:57:42
39	97	2018-10-16 06:40:00	2018-10-16 07:40:00
40	91	2018-02-02 09:01:59	2018-02-02 11:01:59
33	56	2018-06-21 09:10:37	2018-06-21 10:10:37
25	72	2018-10-22 13:56:49	2018-10-22 15:56:49
21	72	2018-03-29 13:42:44	2018-03-29 15:42:44
26	61	2018-10-16 09:18:09	2018-10-16 10:18:09
39	77	2018-07-25 08:16:19	2018-07-25 09:16:19
21	53	2018-03-11 02:11:13	2018-03-11 04:11:13
32	71	2018-09-28 11:17:43	2018-09-28 12:17:43
21	95	2018-09-10 01:51:48	2018-09-10 02:51:48
23	98	2018-08-23 13:42:10	2018-08-23 14:42:10
25	86	2018-06-24 09:34:33	2018-06-24 11:34:33
36	56	2018-08-28 08:52:06	2018-08-28 09:52:06
39	59	2018-03-17 22:16:23	2018-03-18 00:16:23
21	85	2018-03-13 11:07:00	2018-03-13 12:07:00
23	84	2018-06-25 22:15:52	2018-06-25 23:15:52
26	81	2018-06-22 02:22:09	2018-06-22 03:22:09
25	75	2018-01-13 13:23:56	2018-01-13 14:23:56
38	90	2018-09-19 05:43:50	2018-09-19 07:43:50
26	59	2018-01-22 22:04:20	2018-01-23 00:04:20
39	60	2018-06-02 16:50:36	2018-06-02 17:50:36
26	58	2018-09-14 10:48:42	2018-09-14 11:48:42
27	83	2018-09-27 04:08:24	2018-09-27 05:08:24
21	51	2018-07-23 17:36:17	2018-07-23 19:36:17
30	98	2018-05-08 06:48:17	2018-05-08 08:48:17
23	90	2018-06-01 23:33:22	2018-06-02 00:33:22
28	83	2018-10-22 02:46:50	2018-10-22 04:46:50
32	91	2018-02-06 11:47:45	2018-02-06 13:47:45
31	61	2018-03-15 20:43:43	2018-03-15 22:43:43
21	66	2018-01-05 18:58:57	2018-01-05 19:58:57
31	89	2018-08-27 21:01:08	2018-08-27 23:01:08
30	82	2018-01-07 02:56:08	2018-01-07 04:56:08
24	55	2018-04-14 12:51:31	2018-04-14 14:51:31
31	81	2018-10-04 00:21:30	2018-10-04 01:21:30
39	57	2018-08-11 09:14:51	2018-08-11 10:14:51
34	85	2018-03-28 21:59:06	2018-03-28 23:59:06
32	96	2018-06-21 15:55:49	2018-06-21 16:55:49
26	60	2018-03-24 12:13:29	2018-03-24 14:13:29
35	97	2018-10-23 05:29:36	2018-10-23 07:29:36
31	57	2018-06-11 22:49:02	2018-06-12 00:49:02
29	92	2018-04-30 06:27:56	2018-04-30 08:27:56
29	90	2018-05-12 21:09:36	2018-05-12 22:09:36
23	83	2018-10-04 11:46:26	2018-10-04 13:46:26
30	99	2018-09-13 04:56:49	2018-09-13 05:56:49
32	73	2018-05-09 18:04:37	2018-05-09 20:04:37
24	78	2018-08-09 07:51:58	2018-08-09 09:51:58
36	59	2018-03-14 18:40:26	2018-03-14 20:40:26
21	80	2018-08-11 16:58:14	2018-08-11 17:58:14
40	73	2018-07-01 02:18:22	2018-07-01 04:18:22
32	68	2018-07-28 04:28:08	2018-07-28 06:28:08
32	96	2018-02-18 17:14:35	2018-02-18 18:14:35
34	78	2018-01-30 23:49:34	2018-01-31 00:49:34
23	100	2018-06-16 05:03:27	2018-06-16 07:03:27
38	66	2018-02-17 03:12:28	2018-02-17 05:12:28
32	61	2018-11-15 02:39:05	2018-11-15 04:39:05
34	95	2018-11-08 03:55:06	2018-11-08 04:55:06
28	100	2018-06-08 18:22:22	2018-06-08 20:22:22
25	90	2018-04-12 16:42:11	2018-04-12 18:42:11
28	56	2018-06-26 06:03:07	2018-06-26 08:03:07
27	94	2018-05-15 11:07:29	2018-05-15 12:07:29
25	58	2018-09-15 14:17:31	2018-09-15 15:17:31
35	95	2018-05-19 18:52:57	2018-05-19 19:52:57
22	83	2018-04-27 14:56:58	2018-04-27 15:56:58
29	90	2018-09-06 01:46:32	2018-09-06 02:46:32
34	67	2018-06-24 23:16:55	2018-06-25 00:16:55
32	96	2018-01-03 07:57:59	2018-01-03 09:57:59
37	79	2018-06-29 02:46:59	2018-06-29 03:46:59
25	87	2018-06-29 09:34:36	2018-06-29 11:34:36
31	99	2018-05-22 08:48:49	2018-05-22 10:48:49
36	85	2018-08-17 21:42:41	2018-08-17 23:42:41
28	71	2018-04-19 06:43:56	2018-04-19 07:43:56
39	68	2018-09-28 19:47:21	2018-09-28 21:47:21
37	69	2018-09-02 04:01:03	2018-09-02 06:01:03
30	60	2018-07-22 00:08:35	2018-07-22 01:08:35
38	68	2018-05-26 04:27:25	2018-05-26 05:27:25
40	69	2018-11-26 12:30:09	2018-11-26 14:30:09
26	61	2018-08-06 17:07:34	2018-08-06 19:07:34
29	92	2018-01-03 12:23:32	2018-01-03 14:23:32
31	56	2018-02-16 22:55:24	2018-02-16 23:55:24
31	81	2018-01-06 14:53:29	2018-01-06 15:53:29
21	64	2018-03-05 06:39:15	2018-03-05 08:39:15
31	59	2018-01-19 21:30:41	2018-01-19 23:30:41
39	79	2018-03-18 18:47:21	2018-03-18 19:47:21
33	51	2018-07-31 00:02:25	2018-07-31 01:02:25
29	62	2018-03-10 22:21:31	2018-03-10 23:21:31
25	72	2018-09-19 05:34:45	2018-09-19 07:34:45
29	86	2018-05-04 23:30:22	2018-05-05 01:30:22
27	57	2018-05-19 06:14:35	2018-05-19 08:14:35
25	85	2018-06-23 10:20:58	2018-06-23 11:20:58
32	97	2018-10-02 07:29:44	2018-10-02 08:29:44
25	58	2018-10-29 18:32:39	2018-10-29 20:32:39
39	54	2018-11-01 00:19:08	2018-11-01 02:19:08
40	72	2018-05-03 16:57:27	2018-05-03 18:57:27
37	61	2018-05-24 02:02:17	2018-05-24 04:02:17
21	61	2018-05-22 18:35:21	2018-05-22 19:35:21
39	92	2018-11-26 00:42:09	2018-11-26 01:42:09
34	78	2018-08-16 04:02:01	2018-08-16 06:02:01
39	54	2018-08-13 20:17:00	2018-08-13 22:17:00
26	73	2018-06-14 04:05:15	2018-06-14 05:05:15
21	78	2018-07-15 15:11:08	2018-07-15 16:11:08
36	54	2018-03-02 10:01:33	2018-03-02 11:01:33
23	69	2018-02-04 09:34:18	2018-02-04 10:34:18
34	67	2018-08-02 09:55:49	2018-08-02 11:55:49
30	60	2018-03-07 12:46:22	2018-03-07 14:46:22
30	94	2018-07-27 06:29:41	2018-07-27 07:29:41
24	54	2018-08-17 17:18:50	2018-08-17 18:18:50
40	91	2018-08-29 20:31:44	2018-08-29 21:31:44
23	65	2018-08-08 21:57:16	2018-08-08 22:57:16
36	91	2018-09-18 07:43:44	2018-09-18 08:43:44
38	76	2018-06-07 15:25:28	2018-06-07 17:25:28
39	87	2018-07-19 04:43:27	2018-07-19 06:43:27
22	90	2018-07-25 07:05:29	2018-07-25 08:05:29
38	64	2018-01-04 15:36:47	2018-01-04 16:36:47
37	58	2018-04-23 09:22:34	2018-04-23 10:22:34
40	97	2018-09-15 23:40:52	2018-09-16 01:40:52
31	92	2018-11-06 23:57:47	2018-11-07 00:57:47
36	96	2018-03-27 11:08:15	2018-03-27 12:08:15
29	57	2018-10-23 10:42:55	2018-10-23 11:42:55
22	96	2018-08-08 13:39:57	2018-08-08 14:39:57
23	95	2018-02-05 20:38:18	2018-02-05 21:38:18
28	84	2018-08-09 20:47:18	2018-08-09 21:47:18
26	55	2018-01-30 09:00:29	2018-01-30 11:00:29
39	99	2018-07-03 20:18:34	2018-07-03 22:18:34
38	65	2018-09-17 00:29:57	2018-09-17 02:29:57
32	78	2018-08-09 17:08:32	2018-08-09 18:08:32
21	76	2018-07-11 06:55:51	2018-07-11 08:55:51
34	88	2018-05-17 15:55:53	2018-05-17 16:55:53
27	51	2018-08-15 20:58:38	2018-08-15 21:58:38
34	95	2018-06-22 12:11:21	2018-06-22 14:11:21
22	61	2018-04-30 12:45:56	2018-04-30 13:45:56
26	75	2018-10-13 06:09:15	2018-10-13 07:09:15
27	99	2018-03-17 15:53:33	2018-03-17 17:53:33
24	52	2018-09-03 22:00:08	2018-09-03 23:00:08
32	67	2018-11-07 10:42:57	2018-11-07 11:42:57
28	52	2018-07-28 23:09:43	2018-07-29 01:09:43
32	52	2018-03-13 18:24:24	2018-03-13 20:24:24
21	76	2018-05-01 10:26:53	2018-05-01 11:26:53
30	85	2018-04-22 02:26:22	2018-04-22 03:26:22
30	75	2018-08-24 08:22:33	2018-08-24 09:22:33
38	61	2018-07-28 09:31:38	2018-07-28 11:31:38
23	55	2018-10-22 03:23:13	2018-10-22 04:23:13
21	72	2018-07-01 00:54:32	2018-07-01 01:54:32
22	60	2018-01-08 14:36:36	2018-01-08 15:36:36
25	93	2018-04-28 23:41:14	2018-04-29 00:41:14
24	58	2018-08-10 23:52:44	2018-08-11 01:52:44
36	99	2018-02-07 23:41:47	2018-02-08 01:41:47
34	64	2018-07-20 03:58:22	2018-07-20 04:58:22
40	72	2018-03-04 01:48:17	2018-03-04 03:48:17
23	55	2018-05-30 09:39:25	2018-05-30 11:39:25
30	97	2018-11-23 18:28:39	2018-11-23 19:28:39
28	54	2018-10-03 15:19:38	2018-10-03 16:19:38
37	60	2018-08-31 04:06:52	2018-08-31 05:06:52
22	60	2018-11-08 17:45:34	2018-11-08 18:45:34
36	75	2018-10-03 21:07:28	2018-10-03 23:07:28
36	93	2018-09-25 01:15:00	2018-09-25 02:15:00
36	72	2018-08-22 12:52:38	2018-08-22 14:52:38
23	78	2018-02-26 00:25:12	2018-02-26 02:25:12
32	63	2018-08-06 21:46:55	2018-08-06 23:46:55
23	84	2018-05-29 20:03:34	2018-05-29 21:03:34
35	59	2018-04-13 12:18:50	2018-04-13 13:18:50
23	93	2018-04-15 15:22:48	2018-04-15 16:22:48
25	86	2018-03-18 19:36:45	2018-03-18 20:36:45
36	71	2018-02-24 10:45:11	2018-02-24 12:45:11
39	88	2018-07-03 02:09:59	2018-07-03 04:09:59
25	53	2018-05-18 14:30:18	2018-05-18 16:30:18
21	56	2018-09-14 23:50:04	2018-09-15 01:50:04
34	67	2018-07-05 20:34:13	2018-07-05 22:34:13
30	83	2018-08-29 21:03:47	2018-08-29 22:03:47
22	84	2018-01-08 14:15:28	2018-01-08 16:15:28
31	89	2018-10-19 06:20:02	2018-10-19 07:20:02
30	54	2018-02-20 22:00:15	2018-02-21 00:00:15
25	75	2018-10-06 18:44:20	2018-10-06 20:44:20
25	99	2018-07-29 04:44:08	2018-07-29 05:44:08
24	67	2018-05-26 05:07:05	2018-05-26 06:07:05
40	51	2018-05-02 22:44:45	2018-05-03 00:44:45
26	71	2018-04-23 07:15:38	2018-04-23 08:15:38
31	56	2018-09-12 20:35:59	2018-09-12 21:35:59
32	75	2018-01-05 22:41:42	2018-01-05 23:41:42
26	87	2018-09-28 12:24:52	2018-09-28 14:24:52
37	96	2018-07-28 20:44:04	2018-07-28 22:44:04
24	80	2018-11-20 13:12:38	2018-11-20 15:12:38
38	64	2018-09-23 02:57:46	2018-09-23 03:57:46
37	79	2018-04-20 05:16:54	2018-04-20 07:16:54
26	92	2018-04-15 17:21:17	2018-04-15 19:21:17
30	77	2018-09-11 11:50:18	2018-09-11 13:50:18
31	61	2018-08-04 09:02:02	2018-08-04 10:02:02
29	73	2018-04-30 20:09:45	2018-04-30 22:09:45
29	57	2018-06-07 05:05:17	2018-06-07 07:05:17
35	90	2018-08-24 23:00:14	2018-08-25 00:00:14
37	66	2018-02-17 21:46:08	2018-02-17 22:46:08
28	65	2018-03-01 03:09:58	2018-03-01 05:09:58
25	70	2018-05-23 01:35:00	2018-05-23 03:35:00
38	86	2018-04-18 15:27:59	2018-04-18 17:27:59
27	96	2018-01-31 22:33:10	2018-02-01 00:33:10
31	65	2018-07-31 05:06:30	2018-07-31 06:06:30
36	90	2018-05-10 16:56:57	2018-05-10 17:56:57
23	91	2018-11-14 17:58:13	2018-11-14 19:58:13
29	68	2018-06-03 06:01:05	2018-06-03 07:01:05
40	84	2018-09-06 05:09:52	2018-09-06 07:09:52
32	57	2018-08-19 14:49:49	2018-08-19 16:49:49
26	63	2018-05-21 08:50:58	2018-05-21 09:50:58
34	94	2018-10-17 02:26:06	2018-10-17 03:26:06
30	64	2018-11-15 09:21:43	2018-11-15 11:21:43
35	66	2018-07-20 01:01:33	2018-07-20 03:01:33
37	62	2018-10-19 20:00:36	2018-10-19 22:00:36
29	54	2018-04-08 18:08:59	2018-04-08 19:08:59
37	74	2018-03-12 17:41:23	2018-03-12 19:41:23
33	85	2018-08-22 04:30:49	2018-08-22 05:30:49
39	56	2018-10-04 01:23:25	2018-10-04 02:23:25
38	97	2018-08-18 04:39:37	2018-08-18 06:39:37
21	60	2018-01-11 03:26:19	2018-01-11 04:26:19
34	51	2018-03-22 18:41:22	2018-03-22 20:41:22
24	78	2018-03-21 18:11:14	2018-03-21 19:11:14
39	66	2018-04-30 00:45:33	2018-04-30 01:45:33
24	76	2018-02-09 12:22:10	2018-02-09 13:22:10
23	92	2018-07-13 09:47:02	2018-07-13 10:47:02
25	60	2018-01-18 20:49:06	2018-01-18 21:49:06
39	74	2018-02-26 02:36:40	2018-02-26 03:36:40
28	54	2018-05-29 11:12:21	2018-05-29 13:12:21
24	63	2018-05-09 00:31:36	2018-05-09 01:31:36
21	54	2018-02-08 20:56:02	2018-02-08 21:56:02
40	88	2018-06-13 08:03:27	2018-06-13 10:03:27
25	91	2018-02-09 04:16:45	2018-02-09 06:16:45
28	52	2018-09-18 07:09:38	2018-09-18 09:09:38
23	78	2018-02-24 07:00:10	2018-02-24 09:00:10
37	59	2018-01-18 10:58:34	2018-01-18 12:58:34
32	86	2018-06-13 04:55:11	2018-06-13 05:55:11
28	95	2018-05-08 10:06:11	2018-05-08 11:06:11
37	92	2018-10-24 13:21:12	2018-10-24 14:21:12
30	66	2018-10-07 19:35:32	2018-10-07 21:35:32
24	61	2018-10-11 15:17:58	2018-10-11 17:17:58
38	60	2018-07-16 02:56:19	2018-07-16 03:56:19
22	74	2018-03-09 02:32:10	2018-03-09 03:32:10
36	99	2018-10-31 23:00:10	2018-11-01 00:00:10
27	79	2018-02-14 16:39:24	2018-02-14 18:39:24
25	85	2018-08-19 05:53:26	2018-08-19 06:53:26
38	96	2018-10-23 03:24:31	2018-10-23 05:24:31
36	82	2018-06-26 23:19:52	2018-06-27 01:19:52
36	99	2018-09-15 20:33:52	2018-09-15 22:33:52
28	60	2018-02-11 22:17:27	2018-02-12 00:17:27
36	58	2018-05-28 02:20:42	2018-05-28 04:20:42
21	72	2018-07-09 02:25:59	2018-07-09 03:25:59
40	63	2018-03-01 22:35:51	2018-03-02 00:35:51
27	61	2018-04-11 06:23:26	2018-04-11 08:23:26
24	73	2018-03-26 20:41:01	2018-03-26 22:41:01
38	84	2018-06-21 09:53:22	2018-06-21 10:53:22
36	75	2018-04-28 17:00:54	2018-04-28 19:00:54
23	55	2018-02-01 08:10:28	2018-02-01 10:10:28
33	61	2018-03-27 08:52:59	2018-03-27 09:52:59
36	71	2018-07-08 09:52:50	2018-07-08 10:52:50
32	58	2018-10-27 01:18:00	2018-10-27 02:18:00
24	94	2018-06-01 20:55:00	2018-06-01 21:55:00
25	71	2018-06-16 21:42:31	2018-06-16 23:42:31
26	71	2018-03-07 12:36:11	2018-03-07 13:36:11
40	81	2018-04-11 14:01:06	2018-04-11 16:01:06
39	95	2018-02-20 09:40:12	2018-02-20 10:40:12
39	93	2018-10-15 21:25:41	2018-10-15 23:25:41
25	94	2018-05-22 09:49:09	2018-05-22 11:49:09
22	74	2018-05-08 17:26:58	2018-05-08 18:26:58
27	80	2018-06-16 00:59:12	2018-06-16 01:59:12
32	55	2018-05-08 02:02:21	2018-05-08 04:02:21
34	53	2018-02-10 16:39:15	2018-02-10 17:39:15
21	90	2018-06-30 10:04:05	2018-06-30 12:04:05
36	99	2018-09-13 09:49:06	2018-09-13 10:49:06
22	97	2018-08-13 09:20:36	2018-08-13 11:20:36
39	56	2018-06-17 09:02:13	2018-06-17 10:02:13
27	75	2018-10-29 04:12:38	2018-10-29 06:12:38
26	66	2018-10-22 03:53:07	2018-10-22 04:53:07
32	61	2018-01-07 04:26:41	2018-01-07 06:26:41
29	98	2018-06-18 15:28:09	2018-06-18 17:28:09
34	66	2018-10-30 02:42:15	2018-10-30 04:42:15
25	71	2018-06-27 15:50:32	2018-06-27 16:50:32
23	58	2018-05-19 10:37:02	2018-05-19 11:37:02
31	84	2018-01-25 16:10:39	2018-01-25 18:10:39
21	60	2018-01-15 20:41:55	2018-01-15 21:41:55
25	71	2018-11-15 03:30:44	2018-11-15 04:30:44
33	62	2018-05-20 21:46:27	2018-05-20 22:46:27
25	92	2018-02-12 08:21:41	2018-02-12 09:21:41
28	93	2018-07-09 01:33:56	2018-07-09 03:33:56
21	73	2018-07-26 07:44:34	2018-07-26 08:44:34
35	58	2018-02-10 09:19:21	2018-02-10 10:19:21
40	62	2018-06-30 20:16:19	2018-06-30 22:16:19
34	56	2018-05-05 12:50:58	2018-05-05 13:50:58
29	100	2018-03-23 15:51:48	2018-03-23 16:51:48
22	67	2018-08-19 04:04:07	2018-08-19 05:04:07
35	87	2018-03-24 16:47:30	2018-03-24 17:47:30
34	56	2018-10-18 02:08:20	2018-10-18 03:08:20
23	79	2018-05-13 02:27:49	2018-05-13 04:27:49
25	83	2018-02-01 12:55:07	2018-02-01 14:55:07
30	83	2018-03-08 06:40:00	2018-03-08 07:40:00
22	74	2018-08-23 09:02:21	2018-08-23 10:02:21
22	68	2018-02-24 17:17:56	2018-02-24 19:17:56
37	64	2018-01-16 18:09:04	2018-01-16 19:09:04
36	84	2018-02-06 14:16:23	2018-02-06 16:16:23
25	65	2018-06-02 05:54:20	2018-06-02 06:54:20
34	96	2018-09-12 09:25:25	2018-09-12 10:25:25
26	51	2018-11-05 23:10:38	2018-11-06 00:10:38
31	99	2018-09-10 12:17:12	2018-09-10 13:17:12
30	53	2018-10-21 20:12:31	2018-10-21 22:12:31
38	95	2018-08-30 14:26:13	2018-08-30 16:26:13
36	65	2018-02-23 20:30:08	2018-02-23 21:30:08
29	80	2018-08-24 07:20:03	2018-08-24 08:20:03
21	95	2018-07-28 16:26:10	2018-07-28 18:26:10
28	84	2018-11-04 16:45:31	2018-11-04 18:45:31
28	84	2018-01-04 09:42:34	2018-01-04 11:42:34
32	82	2018-06-22 16:11:14	2018-06-22 18:11:14
23	100	2018-02-02 18:47:34	2018-02-02 19:47:34
21	58	2018-07-15 03:14:32	2018-07-15 04:14:32
35	63	2018-11-23 02:15:06	2018-11-23 04:15:06
26	97	2018-03-25 17:49:06	2018-03-25 19:49:06
24	75	2018-05-07 10:03:50	2018-05-07 12:03:50
23	99	2018-01-27 08:08:07	2018-01-27 09:08:07
27	93	2018-11-05 10:53:37	2018-11-05 12:53:37
35	78	2018-11-06 05:56:19	2018-11-06 06:56:19
32	72	2018-02-03 21:16:32	2018-02-03 22:16:32
27	62	2018-09-10 12:34:57	2018-09-10 13:34:57
27	86	2018-03-24 17:51:54	2018-03-24 18:51:54
25	51	2018-11-15 03:45:50	2018-11-15 05:45:50
28	67	2018-09-16 22:28:14	2018-09-16 23:28:14
21	67	2018-01-02 16:04:04	2018-01-02 18:04:04
28	91	2018-05-02 02:17:15	2018-05-02 04:17:15
39	65	2018-07-17 21:36:45	2018-07-17 23:36:45
24	51	2018-03-03 16:37:51	2018-03-03 17:37:51
28	61	2018-01-02 07:39:01	2018-01-02 09:39:01
22	90	2018-11-12 06:57:08	2018-11-12 07:57:08
34	52	2018-08-16 00:58:38	2018-08-16 01:58:38
23	80	2018-03-24 22:32:46	2018-03-24 23:32:46
29	63	2018-03-08 08:50:23	2018-03-08 09:50:23
21	83	2018-08-11 01:41:54	2018-08-11 03:41:54
35	63	2018-08-04 08:31:32	2018-08-04 10:31:32
36	54	2018-08-27 21:51:54	2018-08-27 23:51:54
25	58	2018-05-01 23:56:20	2018-05-02 01:56:20
39	59	2018-04-20 21:53:59	2018-04-20 23:53:59
40	78	2018-07-08 03:53:26	2018-07-08 05:53:26
32	60	2018-01-06 11:40:36	2018-01-06 12:40:36
39	64	2018-09-16 21:06:10	2018-09-16 22:06:10
36	55	2018-05-06 17:30:34	2018-05-06 18:30:34
34	96	2018-11-14 00:03:37	2018-11-14 02:03:37
34	74	2018-11-06 18:28:47	2018-11-06 20:28:47
37	76	2018-07-06 04:25:50	2018-07-06 05:25:50
40	77	2018-02-10 23:32:08	2018-02-11 00:32:08
32	97	2018-01-22 16:35:25	2018-01-22 18:35:25
34	70	2018-11-14 03:59:14	2018-11-14 05:59:14
38	71	2018-01-21 16:01:10	2018-01-21 18:01:10
25	64	2018-01-28 12:23:05	2018-01-28 13:23:05
37	65	2018-02-13 11:26:03	2018-02-13 12:26:03
37	85	2018-04-03 12:19:45	2018-04-03 14:19:45
40	68	2018-08-07 22:28:22	2018-08-08 00:28:22
29	85	2018-03-01 03:30:00	2018-03-01 04:30:00
29	86	2018-07-16 04:55:06	2018-07-16 06:55:06
33	98	2018-03-01 12:41:47	2018-03-01 14:41:47
25	67	2018-02-21 18:18:11	2018-02-21 19:18:11
26	79	2018-03-11 15:22:56	2018-03-11 16:22:56
31	57	2018-05-20 03:24:03	2018-05-20 04:24:03
27	70	2018-04-17 19:55:10	2018-04-17 20:55:10
40	99	2018-08-17 01:20:07	2018-08-17 03:20:07
31	64	2018-03-01 15:56:18	2018-03-01 16:56:18
34	61	2018-08-20 14:22:09	2018-08-20 16:22:09
37	58	2018-06-29 23:46:33	2018-06-30 01:46:33
23	89	2018-07-10 01:14:35	2018-07-10 02:14:35
40	57	2018-04-17 22:13:20	2018-04-18 00:13:20
27	99	2018-11-14 03:35:21	2018-11-14 05:35:21
21	54	2018-05-06 08:35:57	2018-05-06 10:35:57
30	87	2018-11-05 14:02:01	2018-11-05 15:02:01
40	82	2018-04-17 13:44:28	2018-04-17 14:44:28
39	74	2018-08-05 13:16:14	2018-08-05 14:16:14
34	90	2018-06-30 15:56:39	2018-06-30 17:56:39
31	68	2018-02-15 20:48:49	2018-02-15 21:48:49
34	60	2018-09-09 20:38:20	2018-09-09 21:38:20
25	70	2018-04-29 04:50:42	2018-04-29 05:50:42
29	71	2018-02-06 19:14:09	2018-02-06 20:14:09
35	54	2018-01-19 18:18:08	2018-01-19 19:18:08
27	64	2018-09-30 15:34:08	2018-09-30 16:34:08
26	72	2018-04-29 18:33:19	2018-04-29 20:33:19
25	69	2018-03-21 13:05:03	2018-03-21 14:05:03
28	67	2018-06-21 04:46:36	2018-06-21 06:46:36
35	100	2018-11-12 20:46:35	2018-11-12 21:46:35
24	73	2018-04-20 19:53:35	2018-04-20 21:53:35
37	72	2018-03-15 12:32:22	2018-03-15 13:32:22
28	67	2018-06-12 17:27:11	2018-06-12 19:27:11
39	54	2018-03-17 15:37:42	2018-03-17 17:37:42
24	87	2018-08-28 02:16:02	2018-08-28 04:16:02
23	93	2018-10-24 07:42:40	2018-10-24 09:42:40
30	77	2018-08-24 04:15:26	2018-08-24 05:15:26
33	53	2018-02-22 05:35:59	2018-02-22 06:35:59
26	91	2018-05-18 15:02:19	2018-05-18 17:02:19
21	60	2018-07-14 07:13:28	2018-07-14 09:13:28
40	84	2018-08-09 13:14:31	2018-08-09 15:14:31
22	79	2018-01-10 10:17:31	2018-01-10 11:17:31
36	83	2018-02-11 03:43:05	2018-02-11 04:43:05
24	65	2018-01-20 15:37:07	2018-01-20 16:37:07
29	52	2018-10-07 08:19:22	2018-10-07 10:19:22
27	56	2018-09-04 05:57:16	2018-09-04 07:57:16
38	61	2018-10-25 20:11:26	2018-10-25 22:11:26
40	75	2018-06-01 13:33:53	2018-06-01 14:33:53
22	70	2018-01-30 01:15:32	2018-01-30 02:15:32
38	62	2018-06-03 01:12:10	2018-06-03 03:12:10
24	100	2018-08-23 17:15:22	2018-08-23 18:15:22
36	69	2018-03-15 05:33:56	2018-03-15 06:33:56
29	58	2018-03-11 20:56:06	2018-03-11 22:56:06
34	51	2018-09-04 02:28:30	2018-09-04 03:28:30
37	86	2018-10-20 04:06:51	2018-10-20 06:06:51
\.


--
-- Data for Name: charging_station_socket_types; Type: TABLE DATA; Schema: public; Owner: dmd_high_grade_pls
--

COPY public.charging_station_socket_types (charging_station_id, socket_type_id, amount) FROM stdin;
8	2	17
3	2	11
11	3	12
20	2	19
15	2	17
15	3	17
18	2	13
17	2	20
5	1	18
18	3	13
10	1	19
17	3	11
3	2	13
12	2	14
7	2	18
8	3	14
13	3	14
10	2	16
18	2	15
20	1	16
9	1	20
3	3	13
14	3	11
18	3	16
7	2	20
8	1	20
1	2	20
15	3	14
13	3	12
3	1	16
4	3	15
5	2	20
12	3	15
6	2	14
12	3	12
10	1	16
7	3	17
9	2	20
4	2	15
8	3	16
8	3	19
11	3	14
7	3	16
16	3	17
3	2	14
6	3	13
4	3	17
13	2	17
17	2	13
4	1	15
5	1	11
10	3	20
17	3	20
1	1	14
7	1	19
16	3	12
8	1	16
12	1	15
8	1	17
3	3	10
19	3	19
6	3	19
16	1	17
20	3	17
6	2	11
3	1	10
19	1	10
17	3	13
4	1	11
15	1	18
19	1	18
3	3	17
10	3	17
7	3	14
1	3	20
18	2	13
6	3	12
5	2	17
3	2	17
17	3	16
19	3	19
16	1	11
12	2	17
14	2	17
1	3	16
8	3	18
5	3	19
7	2	17
4	3	14
5	2	17
5	3	10
12	3	11
5	2	14
17	3	16
16	2	14
19	2	15
1	1	19
11	1	14
5	3	18
18	2	12
8	3	17
11	1	20
9	2	16
3	3	12
18	3	10
9	3	15
15	3	12
20	2	12
17	3	20
8	3	18
19	2	20
13	2	18
14	2	12
1	2	10
7	3	19
1	1	12
1	2	18
16	2	14
7	3	13
11	3	10
5	3	12
1	3	10
2	3	14
12	2	15
7	2	12
2	3	17
20	1	14
2	1	18
9	3	16
6	3	16
12	1	18
8	3	10
18	2	20
16	3	20
2	1	12
3	2	13
17	3	16
20	2	13
19	3	20
20	1	18
1	2	19
7	3	13
11	3	12
9	3	17
2	3	12
3	3	18
18	1	11
20	3	18
8	3	15
5	3	18
18	3	13
7	3	10
3	3	13
14	3	13
18	1	18
17	3	15
8	3	20
8	3	10
2	2	11
18	2	13
14	1	20
12	2	14
5	1	10
18	3	13
12	3	14
3	2	12
13	2	16
13	3	15
13	3	17
15	2	17
1	1	10
2	2	17
7	3	18
12	2	11
6	1	15
12	2	12
10	1	12
16	1	12
8	2	10
5	3	14
14	3	14
10	2	10
13	3	10
11	3	12
9	1	14
6	2	17
20	1	10
9	1	17
11	1	10
20	2	15
17	3	11
1	3	16
12	3	10
11	1	16
8	3	16
10	3	16
20	1	17
6	3	11
9	1	19
6	1	16
7	3	10
5	3	10
20	2	18
15	2	11
11	1	20
20	1	11
4	3	20
10	3	12
17	1	20
6	1	12
17	2	19
12	1	14
20	1	16
11	3	16
16	1	15
13	2	15
9	1	11
4	1	16
8	3	15
7	3	11
5	2	19
16	1	19
18	2	20
2	3	14
12	3	15
13	2	15
2	3	18
12	3	11
19	2	13
16	3	15
11	2	18
10	3	19
17	2	13
8	3	11
1	3	14
17	3	20
12	2	18
14	1	13
7	1	18
19	3	18
8	3	15
3	2	15
4	2	16
15	2	20
7	1	11
16	3	15
7	1	16
10	3	12
14	3	20
4	1	16
20	3	18
10	2	20
9	2	12
6	1	18
6	2	11
2	3	10
16	2	12
10	3	18
13	1	14
13	1	16
3	1	10
12	3	15
5	3	20
14	3	12
8	1	12
19	2	20
10	3	18
14	2	14
12	3	17
2	2	18
14	3	10
11	3	13
10	3	19
3	2	18
5	3	11
5	3	20
3	3	19
2	3	17
20	2	14
20	3	10
17	2	12
16	2	17
10	3	20
14	2	20
16	2	16
19	1	18
9	2	13
1	1	20
6	3	16
12	3	12
20	3	15
20	2	14
3	3	18
20	2	17
15	1	10
13	3	19
6	1	11
1	2	12
6	2	11
11	1	17
1	2	12
8	2	10
10	3	17
17	3	18
14	2	14
2	2	16
14	1	14
16	2	13
19	2	15
13	2	13
19	1	13
17	2	18
17	3	18
4	1	11
1	2	20
2	2	14
12	1	13
5	1	19
18	2	19
14	3	15
19	2	20
3	1	12
16	1	17
1	2	15
10	2	14
9	3	11
15	3	10
10	1	13
19	1	19
6	1	14
1	2	18
1	3	18
20	1	14
16	3	16
14	2	16
7	3	10
7	2	17
2	3	10
14	3	16
4	1	12
5	3	13
1	3	11
7	1	15
20	2	20
11	3	20
16	3	12
6	2	12
18	1	10
10	3	14
7	3	13
19	2	17
8	2	10
9	1	18
20	3	19
15	1	12
13	3	12
5	1	13
9	2	17
19	2	10
20	1	15
7	3	12
7	3	12
5	1	20
4	3	15
20	3	12
16	3	12
14	3	20
19	3	14
9	3	14
10	2	13
11	1	14
20	3	10
10	2	18
6	3	19
17	1	19
12	2	19
12	2	16
15	3	17
16	3	20
5	1	12
4	2	20
7	2	11
11	3	19
8	3	11
2	2	11
11	2	17
9	3	12
15	2	12
15	1	20
20	3	16
17	3	14
1	3	16
16	2	14
18	3	15
20	3	18
19	1	17
1	2	16
18	2	14
7	1	18
11	3	17
16	3	18
10	3	10
9	1	20
20	2	10
1	2	10
6	1	12
13	3	19
6	2	17
10	1	15
9	1	14
16	3	15
7	3	10
13	3	19
9	2	16
11	3	18
4	3	20
12	3	18
8	3	14
17	3	16
5	1	14
9	3	13
8	2	20
4	1	18
8	3	20
20	2	14
9	3	13
17	3	15
15	3	15
10	3	20
18	3	19
14	2	13
18	1	17
4	2	19
12	2	13
5	3	10
2	2	10
4	1	12
18	3	12
15	3	10
1	2	13
13	1	10
4	2	19
1	3	15
11	2	14
14	2	13
15	3	18
18	2	14
17	3	19
9	2	13
11	3	18
8	2	10
15	3	11
9	3	14
15	1	10
12	3	20
9	3	10
3	3	11
1	3	20
8	1	13
11	3	16
8	2	14
12	3	18
3	2	16
15	2	11
9	2	12
20	3	12
9	3	17
1	2	16
13	1	12
13	1	15
10	1	16
4	1	15
13	3	10
14	2	12
3	3	13
4	3	10
15	2	18
5	1	17
15	3	12
3	1	14
14	2	14
15	2	11
8	1	19
12	3	13
12	2	19
12	3	18
4	1	19
1	3	11
5	3	20
18	3	18
9	1	16
8	3	11
6	2	10
2	3	10
15	1	20
19	3	18
11	2	14
4	2	16
16	1	20
17	2	11
10	1	11
2	2	20
7	1	12
18	3	10
20	3	15
5	3	12
13	3	14
7	1	12
3	3	15
3	1	14
9	1	10
13	3	15
20	2	16
1	3	12
13	2	16
3	1	19
20	1	20
8	3	17
11	3	14
13	2	17
3	1	15
18	1	10
10	2	18
2	3	15
3	3	13
16	3	19
15	3	12
18	3	20
9	2	19
13	1	14
18	3	14
16	1	14
4	2	19
10	3	19
19	3	10
11	3	20
18	3	12
11	2	12
19	2	14
1	3	15
1	2	18
4	2	19
6	3	16
15	3	18
11	3	11
3	3	10
6	2	11
6	3	13
13	2	12
1	3	16
20	2	19
9	1	11
6	1	13
7	2	19
20	2	15
11	2	12
12	2	12
16	1	13
11	3	14
18	2	10
14	3	11
13	1	19
10	3	18
4	1	10
13	1	17
1	3	16
15	3	18
7	1	20
12	3	19
15	3	16
13	1	12
13	1	17
12	3	16
17	2	17
4	2	19
18	3	15
13	2	20
6	2	11
9	2	15
9	3	17
15	3	13
9	2	15
11	3	15
3	3	12
5	3	16
1	3	17
1	3	17
14	3	10
15	2	15
3	1	12
15	1	13
2	2	14
4	3	14
15	3	15
18	1	14
12	2	16
10	2	18
14	3	15
5	3	13
5	3	19
11	1	19
11	1	13
19	2	16
14	3	17
18	2	16
13	1	13
7	3	18
13	3	14
11	2	20
8	3	15
1	3	15
13	1	15
10	2	16
5	1	15
3	2	17
15	1	11
11	2	10
14	3	20
2	3	10
5	1	20
8	2	11
9	3	15
19	1	14
9	2	16
10	2	17
15	2	20
15	3	11
8	3	20
4	3	20
18	1	13
8	3	14
12	3	17
17	3	19
20	2	14
4	2	11
1	1	20
2	2	10
9	1	13
3	3	16
6	3	10
18	3	17
20	2	18
5	1	14
7	2	14
14	3	12
13	1	19
14	2	11
20	2	14
2	2	15
10	1	15
15	2	20
5	3	15
20	1	15
18	3	10
15	3	15
16	3	20
10	3	13
3	1	12
11	2	10
9	2	10
5	1	17
3	2	10
4	1	18
1	1	14
14	3	11
6	1	15
18	2	11
15	1	18
3	3	12
6	3	18
5	2	11
4	3	15
14	3	16
11	2	14
20	3	11
9	3	16
20	3	10
14	1	19
2	3	14
3	1	14
8	1	15
6	1	13
11	3	16
15	3	18
6	3	17
7	2	17
2	1	12
17	3	12
10	1	16
11	3	19
7	2	18
7	1	15
3	3	11
4	1	12
15	3	18
15	2	15
10	3	18
5	3	18
3	3	13
5	3	12
17	3	19
12	2	12
10	3	15
1	1	14
17	2	16
12	2	12
17	1	20
14	3	19
13	1	16
14	3	14
2	3	13
12	3	12
12	1	15
11	2	13
12	3	12
2	1	15
4	1	16
20	3	11
13	3	14
9	2	10
16	1	14
4	3	10
10	3	14
9	1	16
9	3	17
13	2	14
12	1	17
11	2	20
1	3	10
3	2	19
10	2	19
7	3	18
14	3	16
7	3	12
13	1	14
7	3	20
7	1	18
16	3	18
3	1	18
8	1	16
2	3	15
18	2	19
7	2	14
5	1	20
13	2	11
4	2	12
18	3	11
11	2	18
7	2	20
14	3	20
9	3	14
13	1	16
16	2	13
12	1	18
17	2	16
7	1	17
9	2	16
15	3	11
15	3	19
10	1	11
10	2	16
4	3	11
1	3	11
18	1	20
11	2	13
9	1	18
1	2	11
10	3	11
13	2	13
10	3	15
11	1	19
7	2	16
14	3	20
16	1	11
13	3	16
18	2	19
19	1	14
5	3	14
15	2	11
19	2	10
13	1	12
8	3	15
11	2	13
18	2	19
9	2	10
3	3	17
11	3	19
15	3	11
1	1	13
1	3	12
18	3	12
13	1	15
19	2	16
11	3	11
14	2	16
5	2	17
10	3	15
13	3	16
1	1	19
14	2	14
14	2	14
17	2	16
8	3	20
7	3	17
20	3	16
15	3	17
9	2	13
6	3	10
20	2	12
15	3	17
13	3	10
2	2	16
17	3	19
20	3	16
11	3	13
20	1	16
19	1	12
3	1	18
17	1	20
3	2	12
20	2	20
10	2	14
6	2	13
2	3	19
14	1	18
1	2	20
7	3	14
3	3	20
16	1	20
20	3	15
10	3	19
15	3	17
19	2	17
7	1	13
10	3	19
3	1	14
19	3	19
8	1	18
4	1	17
10	1	20
20	1	19
1	1	19
19	2	12
14	3	19
18	3	12
17	1	11
15	3	14
13	2	20
8	1	20
14	3	17
18	2	15
17	2	13
9	3	19
8	3	11
14	2	19
5	3	19
1	3	10
19	3	17
9	2	12
8	3	16
3	3	11
1	2	12
5	2	18
4	1	19
19	3	15
8	1	12
18	3	11
13	1	13
15	1	10
17	2	19
18	2	16
10	2	13
6	2	13
15	2	10
14	2	18
18	3	20
12	1	20
10	3	12
18	3	20
18	1	16
2	3	15
17	3	19
1	3	15
6	1	12
13	1	16
1	2	13
17	2	15
2	1	10
2	3	12
20	2	20
13	3	17
5	2	19
9	2	13
4	2	13
4	1	17
8	3	10
13	2	20
13	2	13
1	1	13
8	2	11
20	1	15
18	1	13
4	3	19
20	3	19
17	3	10
9	3	14
15	1	11
3	3	12
1	3	16
9	3	16
18	3	20
5	3	17
16	3	13
14	2	13
11	1	18
10	2	15
20	3	10
13	1	17
8	1	16
15	1	11
20	1	15
12	2	15
6	2	17
2	3	15
10	3	10
2	3	10
12	1	18
19	2	10
9	3	11
6	1	17
7	3	18
9	2	12
8	3	12
15	1	17
6	3	14
6	2	10
9	3	19
15	3	10
15	3	13
10	3	12
10	3	12
14	3	10
18	3	19
5	1	14
7	2	10
1	3	20
10	1	15
17	1	12
3	3	11
13	1	16
11	3	14
5	1	16
7	3	11
5	3	17
8	2	18
1	1	18
4	2	17
15	1	10
18	3	13
12	2	12
20	3	17
19	3	17
1	3	19
10	3	15
6	2	17
9	1	19
3	2	20
19	2	17
6	2	12
8	2	15
5	3	10
19	3	10
13	1	15
17	2	15
1	3	10
12	2	14
17	3	14
3	3	13
5	1	17
19	3	11
20	3	12
5	2	20
13	3	19
9	3	19
14	2	14
8	3	17
17	1	10
14	3	20
15	3	18
7	1	13
13	2	12
20	3	10
8	1	10
13	1	14
8	2	13
12	3	15
8	3	16
8	2	10
4	1	17
11	3	13
31	5	11
21	6	10
39	6	14
35	4	19
26	6	20
35	5	11
25	4	20
40	4	13
34	4	16
22	4	18
23	4	10
31	6	10
32	6	15
27	6	11
26	6	13
31	5	15
35	6	17
30	5	12
24	4	17
38	5	13
23	5	19
23	5	18
35	5	18
29	4	11
27	4	12
31	4	15
24	6	15
35	5	16
26	6	18
37	6	11
34	6	15
33	4	20
33	4	19
34	6	14
40	5	11
35	4	12
22	5	14
37	5	13
29	6	12
29	4	16
40	6	11
23	5	16
29	4	19
24	4	16
28	4	15
22	4	17
25	6	17
39	4	18
29	6	17
33	6	11
38	4	16
36	6	14
36	4	11
37	4	17
24	6	12
37	6	12
36	5	13
31	6	10
30	4	12
23	4	18
34	4	15
35	5	16
30	6	13
31	4	18
22	6	10
31	4	12
36	4	11
31	6	12
23	5	16
37	4	17
38	6	19
29	6	19
37	4	16
39	6	12
22	4	15
31	6	15
40	4	14
36	5	13
27	4	13
40	5	11
33	4	12
32	4	17
29	4	18
27	4	13
28	4	11
30	5	20
39	5	13
36	5	19
34	4	14
29	4	12
38	4	14
27	6	10
33	6	17
30	6	13
36	6	20
30	6	19
26	4	19
26	5	17
33	6	15
38	6	17
21	6	14
29	6	14
27	5	16
37	5	20
38	5	18
25	4	18
26	6	17
25	4	17
37	6	13
33	4	20
27	4	15
27	5	15
33	4	16
27	5	18
33	4	17
28	4	19
40	4	11
31	4	16
29	6	20
29	6	12
21	4	13
31	5	13
37	4	18
30	5	14
28	4	17
38	4	20
24	6	15
32	4	20
24	4	15
24	4	19
28	5	13
27	5	20
25	4	18
32	4	19
40	6	14
39	4	12
26	6	16
21	6	18
25	6	19
30	5	13
32	6	12
32	4	10
28	6	18
21	4	10
23	6	13
29	4	14
23	6	13
34	4	19
21	4	10
24	5	17
25	5	10
24	5	16
25	4	17
26	5	19
37	6	16
24	6	17
30	5	16
27	4	17
31	5	17
25	5	12
28	6	16
39	4	11
25	6	13
35	4	13
22	5	14
27	6	14
40	4	14
23	4	14
36	6	11
32	5	16
27	5	12
36	4	14
22	6	13
30	4	16
25	4	11
21	6	10
40	4	15
38	4	11
28	6	20
31	6	20
40	5	10
30	6	17
31	4	11
34	6	19
21	6	14
35	5	18
31	6	17
38	6	19
31	6	11
34	6	20
28	6	15
38	5	15
28	4	15
33	4	13
28	5	16
31	6	10
28	6	14
36	6	19
27	6	19
32	6	14
38	4	16
28	4	12
40	5	15
33	6	16
30	6	11
23	4	15
28	5	20
25	6	16
27	6	14
21	4	11
24	6	19
37	4	12
27	6	17
22	6	18
27	4	17
25	6	14
37	4	20
32	4	15
23	5	15
28	6	20
27	4	17
37	6	10
26	4	16
24	4	15
32	5	16
21	6	20
25	4	13
38	5	18
26	5	12
25	4	14
29	4	20
24	6	11
40	4	17
25	6	11
38	4	16
31	6	15
40	6	13
21	6	16
33	5	11
40	4	10
21	6	11
23	6	15
35	4	14
21	6	18
21	4	17
29	6	15
34	4	19
28	4	12
29	4	10
34	5	11
24	4	11
34	6	15
36	6	13
33	4	13
27	5	14
32	4	13
31	4	18
31	4	18
28	4	15
38	5	13
21	5	20
31	4	19
39	5	14
31	5	17
40	4	16
37	5	18
29	4	15
32	4	19
36	4	15
37	5	13
26	5	19
30	5	19
37	6	17
40	6	16
31	6	12
30	6	15
31	4	19
21	5	17
25	5	15
29	6	14
36	5	15
31	5	10
30	5	16
38	6	16
21	6	19
31	4	16
32	6	14
28	5	14
31	6	19
32	5	10
33	6	19
35	4	11
38	4	17
30	6	12
31	4	17
24	4	19
31	6	14
39	4	11
31	4	15
30	4	18
38	6	14
31	6	20
32	6	14
26	4	16
40	5	18
39	4	11
40	4	18
34	4	11
24	6	13
33	5	10
33	4	13
22	5	20
32	4	13
30	4	11
36	5	19
39	4	12
26	5	15
28	4	14
31	5	17
24	4	19
24	4	11
21	5	13
25	6	17
39	6	16
39	6	20
37	6	14
31	4	20
21	5	17
34	4	15
28	5	10
23	4	16
31	6	13
25	4	15
26	4	11
28	4	13
39	5	18
40	5	18
21	6	13
34	4	19
30	4	20
32	4	12
39	5	12
38	5	20
30	4	13
23	4	16
29	4	11
29	4	15
30	6	14
33	4	12
27	5	18
23	4	19
21	6	10
29	4	19
31	6	19
27	6	10
39	5	14
36	6	20
27	6	16
21	4	10
37	4	17
29	5	17
32	4	18
21	6	19
33	4	19
22	6	17
36	5	14
39	5	10
32	6	19
22	4	13
26	4	12
28	4	17
38	4	11
35	5	10
23	6	14
38	4	13
30	5	13
22	6	20
26	6	19
24	4	20
31	4	16
27	4	18
36	6	15
24	4	19
30	6	18
23	4	12
37	5	15
33	4	15
36	5	12
36	6	10
24	6	18
26	6	10
36	6	10
30	4	16
35	4	15
22	4	19
35	5	19
39	4	13
35	5	19
36	5	11
22	6	10
23	5	20
21	6	12
32	5	12
32	5	14
23	4	16
32	4	20
36	4	11
31	5	13
21	4	11
31	6	12
39	6	19
29	4	11
30	5	11
30	4	18
31	6	14
36	6	12
25	4	10
38	4	13
24	5	18
35	6	18
21	5	14
21	6	20
40	4	19
39	6	11
28	4	18
39	5	15
30	4	17
26	6	10
22	4	18
32	4	15
30	4	14
21	6	14
25	4	12
33	4	14
32	4	17
29	5	13
37	6	19
31	4	19
32	5	19
30	4	15
30	5	20
33	4	15
27	6	19
31	6	19
34	6	14
39	4	10
37	5	19
38	6	20
25	6	10
26	6	11
33	6	13
24	4	13
24	5	10
27	5	14
27	6	18
28	6	17
35	5	20
26	5	20
23	5	15
40	6	17
28	4	15
39	4	13
35	4	18
24	4	11
34	5	12
33	5	20
30	4	20
37	6	16
34	4	10
33	4	18
26	5	14
34	4	17
26	5	10
29	5	13
39	6	15
23	6	14
23	4	13
31	6	20
32	5	12
23	4	19
21	4	20
30	4	13
26	4	14
28	4	14
28	6	11
23	4	10
32	4	13
34	4	12
30	5	15
28	6	12
26	5	19
35	5	10
21	5	10
27	5	19
35	6	11
22	4	16
22	5	18
36	6	10
32	4	15
27	5	19
21	5	18
38	6	15
29	6	13
29	6	18
33	5	12
38	6	20
38	6	12
28	6	13
22	4	18
40	6	12
23	4	11
28	6	15
38	4	11
24	4	16
36	6	14
24	5	20
26	4	15
38	5	20
39	4	11
30	5	15
23	5	14
24	6	10
34	6	16
39	4	17
29	4	12
38	4	16
28	4	17
24	4	12
31	5	13
35	6	13
32	4	15
24	6	17
23	5	11
32	6	20
34	6	20
33	6	12
23	4	11
40	4	11
34	5	17
35	5	11
28	4	16
21	6	14
34	4	10
39	5	19
36	4	12
30	4	16
35	4	17
23	5	16
37	5	16
39	6	14
35	6	18
34	4	11
24	6	14
24	5	13
33	4	17
37	4	20
39	6	15
31	4	13
29	4	14
21	6	14
25	4	18
38	5	13
33	6	19
33	4	12
37	4	13
23	4	20
22	4	18
29	5	13
26	4	11
32	4	19
27	5	14
36	4	15
28	4	11
40	4	17
21	4	16
34	6	11
38	6	13
27	5	20
25	4	12
27	6	14
29	4	17
30	4	15
31	4	13
39	4	16
27	6	17
40	4	13
27	6	17
33	4	11
22	5	10
35	4	20
29	4	18
26	6	15
26	4	12
28	5	10
32	4	20
31	6	16
27	5	15
35	5	14
39	6	14
40	6	15
33	6	17
25	6	19
21	6	17
26	5	20
39	4	19
21	5	11
32	6	18
21	5	15
23	6	18
25	6	19
36	6	16
39	6	15
21	6	16
23	4	15
26	6	18
25	4	13
38	6	18
26	6	14
39	4	11
26	5	17
27	6	10
21	4	16
30	6	15
23	6	10
28	6	11
32	6	10
31	5	13
21	5	19
31	4	18
30	6	16
24	5	16
31	6	14
39	6	14
34	6	10
32	4	20
26	4	11
35	6	12
31	6	19
29	4	18
29	6	14
23	6	10
30	6	16
32	5	11
24	6	11
36	6	14
21	4	20
40	5	19
32	5	15
32	4	13
34	6	12
23	4	16
38	5	19
32	5	14
34	5	12
28	4	11
25	6	15
28	6	19
27	4	19
25	5	19
35	5	11
22	6	15
29	6	15
34	5	17
32	4	12
37	4	19
25	4	11
31	6	16
36	6	16
28	6	18
39	5	20
37	5	13
30	4	19
38	5	17
40	5	14
26	5	14
29	4	19
31	6	10
31	6	17
21	4	12
31	6	17
39	4	19
33	4	13
29	4	19
25	6	11
29	6	17
27	6	13
25	6	10
32	6	15
25	5	13
39	6	16
40	6	14
37	5	20
21	5	10
39	4	17
34	6	15
39	6	17
26	5	14
21	6	16
36	6	10
23	5	11
34	5	12
30	4	14
30	4	18
24	6	11
40	6	13
23	5	17
36	6	11
38	4	14
39	4	15
22	6	17
38	4	12
37	5	13
40	6	19
31	4	16
36	4	12
29	6	15
22	4	10
23	5	18
28	4	11
26	5	13
39	6	17
38	5	16
32	6	16
21	4	20
34	5	15
27	4	20
34	5	16
22	5	13
26	4	10
27	6	16
24	4	19
32	5	10
28	4	17
32	4	15
21	4	15
30	6	17
30	4	12
38	5	14
23	5	17
21	6	14
22	4	19
25	6	17
24	5	10
36	6	14
34	4	18
40	6	20
23	5	10
30	6	16
28	6	11
37	4	10
22	4	17
36	4	15
36	6	12
36	6	12
23	6	18
32	4	10
23	4	14
35	6	17
23	6	19
25	6	15
36	6	13
39	5	14
25	5	11
21	6	16
34	5	14
30	6	17
22	4	14
31	4	13
30	6	17
25	4	20
25	6	17
24	5	13
40	4	15
26	6	11
31	6	15
32	4	18
26	4	15
37	4	14
24	4	13
38	4	13
37	4	18
26	4	11
30	4	10
31	5	19
29	5	15
29	6	10
35	6	20
37	5	18
28	5	15
25	4	20
38	6	19
27	4	17
31	5	10
36	6	18
23	6	15
29	5	15
40	4	11
32	6	18
26	4	16
34	4	17
30	4	20
35	5	20
37	4	13
29	6	18
37	5	20
33	6	12
39	6	13
38	6	20
21	4	14
34	4	17
24	6	14
39	5	11
24	4	12
23	4	11
25	4	13
39	5	13
28	6	18
24	4	11
21	6	10
40	5	17
25	6	15
28	4	10
23	6	20
37	6	18
32	6	11
28	5	20
37	4	14
30	5	11
24	5	14
38	4	12
22	5	17
36	6	14
27	4	10
25	6	14
38	4	17
36	6	15
36	6	11
28	4	13
36	5	19
21	6	18
40	4	16
27	5	15
24	5	18
38	4	13
36	4	12
23	5	18
33	5	10
36	6	20
32	5	14
24	4	19
25	6	13
26	6	13
40	6	17
39	5	18
39	6	15
25	4	19
22	5	20
27	4	14
32	5	14
34	5	16
21	6	11
36	6	18
22	6	19
39	6	13
27	4	13
26	5	18
32	5	17
29	6	15
34	5	11
25	6	16
23	5	20
31	4	18
21	4	10
25	6	12
33	4	10
25	4	15
28	6	20
21	5	13
35	5	11
40	4	19
34	6	18
29	4	20
22	5	20
35	4	11
34	6	15
23	4	16
25	6	20
30	6	12
22	5	20
22	5	19
37	4	14
36	4	13
25	5	18
34	4	13
26	4	20
31	6	20
30	5	18
38	5	13
36	5	11
29	4	10
21	5	11
28	4	12
28	4	20
32	6	10
23	4	18
21	5	13
35	4	12
26	6	17
24	4	18
23	6	10
27	6	18
35	6	18
32	6	10
27	4	19
27	6	19
25	4	10
28	5	15
21	5	14
28	6	13
39	5	18
24	4	20
28	5	17
22	6	14
34	4	16
23	4	20
29	4	12
21	6	17
35	4	13
36	6	10
25	5	11
39	6	16
40	6	17
32	4	20
39	4	20
36	5	14
34	4	20
34	5	18
37	4	20
40	4	16
32	6	18
34	4	14
38	6	17
25	4	13
37	5	13
37	6	11
40	5	12
29	6	19
29	6	10
33	6	14
25	5	16
26	4	11
31	6	20
27	4	11
40	6	14
31	4	14
34	5	20
37	5	18
23	4	19
40	6	16
27	6	15
21	6	11
30	4	12
40	6	18
39	5	14
34	6	10
31	5	13
34	4	15
25	4	15
29	6	15
35	6	14
27	4	15
26	6	17
25	5	12
28	5	17
35	4	10
24	5	20
37	6	20
28	5	19
39	6	16
24	4	11
23	6	17
30	4	11
33	5	16
26	6	15
21	4	11
40	4	17
22	4	20
36	6	19
24	5	10
29	4	15
27	6	18
38	5	17
40	4	16
22	4	12
38	4	17
24	4	18
36	5	20
29	5	16
34	4	15
37	6	12
\.


--
-- Data for Name: city; Type: TABLE DATA; Schema: public; Owner: dmd_high_grade_pls
--

COPY public.city (id, country_id, name) FROM stdin;
1	1	Kazan
2	1	Kazan
\.


--
-- Data for Name: country; Type: TABLE DATA; Schema: public; Owner: dmd_high_grade_pls
--

COPY public.country (id, name) FROM stdin;
1	Russia
2	The USA
3	Canada
4	Russia
5	The USA
6	Canada
\.


--
-- Data for Name: customer; Type: TABLE DATA; Schema: public; Owner: dmd_high_grade_pls
--

COPY public.customer (id, first_name, second_name, last_name, username, email, is_verified, phone_number, disctrict_id) FROM stdin;
1	Melissa	Wilson	Smith	ucooper	aaron26@yahoo.com	t	9228605762	\N
2	Jose	Jefferson	Walker	christopher35	brenda28@gmail.com	t	9194490523	\N
3	Diane	Reed	Griffin	smithgeorge	nicole69@hotmail.com	t	9235468899	\N
4	Emily	Stanley	Conway	sheila59	taramiddleton@gmail.com	t	9888666321	\N
5	Nathaniel	Moore	Dillon	brownnicole	fostermorgan@yahoo.com	t	9884276898	\N
6	Shannon	Francis	Barnes	shall	crystalbell@hotmail.com	t	9289909553	\N
7	Jennifer	Leach	Johnson	browndonna	shawngonzalez@gmail.com	t	9992151470	\N
8	Jeffrey	Castillo	Riley	jeffery64	markcarter@gmail.com	t	9859644159	\N
9	Joshua	Chandler	Castillo	millerangela	cdaniel@yahoo.com	t	9676536251	\N
10	Jack	Turner	Kennedy	ltorres	dianajones@gmail.com	t	9357946692	\N
11	Henry	Friedman	Hardy	zkirk	smurray@gmail.com	t	9249230183	\N
12	Thomas	Manning	Taylor	krogers	wpeterson@hotmail.com	t	9987196620	\N
13	David	Thompson	Barnes	joseph54	clarkeluke@yahoo.com	t	9229862931	\N
14	Connie	Schmitt	Krause	lisanelson	qdavis@hotmail.com	t	9031303458	\N
15	Brandi	Allen	Vasquez	joseolson	vmendez@yahoo.com	t	9796292152	\N
16	Belinda	Ross	Smith	ryanjames	pcalhoun@yahoo.com	t	9736097530	\N
17	Andrew	Snyder	Mccoy	jonesjames	sadams@gmail.com	t	9688686275	\N
18	Ryan	Vaughn	Smith	amandafloyd	uross@hotmail.com	t	9409546050	\N
19	David	Hall	Mason	johnsonmichael	sherry35@hotmail.com	t	9216171857	\N
20	Mario	Callahan	Walters	beardlori	pmiller@yahoo.com	t	9129716476	\N
\.


--
-- Data for Name: district; Type: TABLE DATA; Schema: public; Owner: dmd_high_grade_pls
--

COPY public.district (id, zip_code, city_id) FROM stdin;
1	420292	1
2	420175	1
3	420184	1
4	420295	1
5	420023	1
6	420296	1
7	420451	2
8	420294	2
9	420399	2
10	420374	2
11	420097	2
12	420093	2
\.


--
-- Data for Name: order; Type: TABLE DATA; Schema: public; Owner: dmd_high_grade_pls
--

COPY public."order" (id, started_at, ended_at, starting_address, ending_address, car_id, customer_id, status, car_initial_point) FROM stdin;
1	2018-04-04 10:14:23	2018-07-14 20:06:42	417	153	45	2	ended	(49.2869406272012611,55.839303979672593)
2	2018-04-06 16:54:33	2018-07-05 17:38:08	387	102	45	4	ended	(48.9689777616706152,56.1648851458760348)
3	2018-09-05 08:27:39	2018-10-23 17:06:10	435	464	43	9	ended	(48.8553265469115701,56.1538469255367971)
4	2018-11-08 07:04:56	2018-11-10 20:49:14	434	265	2	6	ended	(49.5364810476653545,55.8876947928261316)
5	2018-04-06 03:23:07	2018-05-17 16:38:30	1	490	27	3	ended	(48.632742030686039,55.8462772970353001)
6	2018-06-22 04:30:08	2018-07-16 20:00:16	259	231	38	7	ended	(48.7822427928449471,55.502443786151396)
7	2018-02-28 11:19:58	2018-11-18 00:31:09	76	69	38	3	ended	(48.9375430199908052,55.6115572653240804)
8	2018-11-26 18:16:00	2018-11-26 18:17:46	246	371	27	2	ended	(48.9330720506064125,55.410003657071691)
9	2018-04-17 08:07:06	2018-10-26 19:48:25	380	410	40	8	ended	(49.0576506678490247,55.954199359952483)
10	2018-09-10 04:50:26	2018-11-19 10:02:34	290	307	21	4	ended	(48.6555618452065843,56.3195051910095756)
12	2018-10-22 20:15:07	2018-11-15 23:51:15	425	44	19	7	ended	(49.0853907338877704,55.6645342609173994)
13	2018-07-20 02:03:52	2018-09-13 10:58:00	58	400	49	4	ended	(49.1212723243367648,56.095732205599127)
14	2018-03-27 06:22:55	2018-08-10 17:10:20	299	378	50	3	ended	(49.3161493445057815,55.6161958292571157)
15	2018-07-05 23:03:11	2018-10-25 21:55:17	379	413	22	2	ended	(48.9219781689664543,56.2990384594503155)
16	2018-06-07 18:14:14	2018-06-20 15:13:46	461	30	47	9	ended	(48.6632092390784763,55.7272640913573838)
17	2018-07-31 07:16:03	2018-10-28 18:53:26	100	306	12	10	ended	(49.4471850673816604,56.3086811081973124)
18	2018-07-16 07:41:13	2018-10-24 19:55:04	49	24	19	9	ended	(48.9133262897469976,55.9873894624971342)
19	2018-04-02 10:15:36	2018-10-14 17:59:33	69	352	24	7	ended	(49.4184990176288252,55.7621801280029104)
20	2018-10-07 12:05:00	2018-11-17 19:22:57	145	173	44	3	ended	(48.621653330948341,55.845576799213255)
21	2018-01-26 10:30:26	2018-07-15 11:14:20	268	443	36	8	ended	(49.1343075917676231,56.2448894976191838)
22	2018-04-24 22:13:16	2018-11-06 19:56:29	386	200	13	4	ended	(49.1441149714119234,55.6375999198366173)
23	2018-06-24 21:17:33	2018-08-15 07:21:46	323	40	45	6	ended	(48.921677241904149,56.2227132743190197)
24	2018-09-11 07:26:00	2018-11-12 15:22:39	267	391	14	5	ended	(49.4779800449128686,55.8423441094031077)
25	2018-03-14 21:28:51	2018-09-13 16:46:52	41	448	42	1	ended	(48.590746637380505,55.9719175153114676)
26	2018-04-19 19:39:53	2018-11-08 07:25:24	161	141	30	6	ended	(48.9371891100294221,55.7353301074811114)
27	2018-03-11 02:20:46	2018-10-09 08:16:00	277	434	22	8	ended	(49.0714912073771643,55.7889363580580309)
28	2018-02-23 15:20:41	2018-08-29 16:51:27	61	208	21	1	ended	(49.3040901069263953,56.1255568244247627)
29	2018-07-09 19:05:56	2018-07-24 17:59:13	135	443	33	5	ended	(48.9429174131289173,55.510153949929844)
30	2018-08-15 02:08:04	2018-10-01 03:50:21	106	154	50	7	ended	(48.6160264613678024,55.5946777786360329)
31	2018-08-05 01:46:36	2018-10-31 19:45:36	125	198	31	2	ended	(49.2780839655033489,56.2439147865867071)
32	2018-09-18 19:06:53	2018-11-21 04:00:27	268	418	16	4	ended	(49.4172756664593464,56.1255693688741601)
33	2018-05-09 04:56:26	2018-07-24 10:34:44	417	179	43	10	ended	(49.4243184951437584,56.0692000959267673)
34	2018-10-27 15:43:10	2018-11-14 08:17:37	375	440	27	4	ended	(48.829782652622761,55.4165659048934316)
35	2018-07-01 15:59:20	2018-10-18 21:12:02	349	233	38	6	ended	(49.4522664953083151,55.4546242937339002)
36	2018-06-19 17:40:27	2018-11-13 14:41:52	6	345	22	9	ended	(48.5836222390645105,55.9313278374859735)
37	2018-08-14 16:27:11	2018-08-29 15:29:51	240	162	7	5	ended	(49.3254423095650125,56.2603272969101056)
38	2018-07-22 08:29:25	2018-11-22 21:21:18	328	344	49	3	ended	(48.7392350069023053,55.6279445525726501)
39	2018-07-27 22:23:19	2018-09-25 06:02:26	448	315	9	5	ended	(49.4926586446118861,56.1071462203136946)
40	2018-10-01 04:25:14	2018-11-14 11:05:27	326	178	6	8	ended	(49.538526169820166,56.1836594411387864)
41	2018-06-05 13:32:40	2018-09-27 02:56:10	54	462	33	2	ended	(48.9044750325787803,56.1677609660892756)
42	2018-04-10 14:20:39	2018-09-19 20:25:11	5	482	10	1	ended	(49.3427585269610063,55.857299535514187)
43	2018-04-05 21:10:11	2018-04-14 06:34:24	218	365	19	6	ended	(48.5811628407336329,55.5024038253341061)
44	2018-07-19 03:34:38	2018-09-08 14:57:58	176	359	39	2	ended	(48.6853866705327007,55.4958350492677894)
45	2018-11-02 21:45:26	2018-11-14 16:11:58	254	179	33	7	ended	(49.5629747837383903,55.7085680151046105)
46	2018-04-28 05:48:38	2018-10-26 11:45:33	156	88	44	3	ended	(48.6015897530429797,55.3610090007662663)
47	2018-03-02 08:13:25	2018-06-21 21:09:56	236	359	47	1	ended	(48.9728935486994104,55.38946617824881)
48	2018-03-12 20:23:06	2018-07-12 19:26:45	438	460	21	9	ended	(49.1210007632640497,55.705962135906411)
49	2018-02-17 05:37:16	2018-03-14 20:51:19	255	246	46	7	ended	(48.6171446022955678,56.262173036230493)
50	2018-07-17 15:07:35	2018-09-01 09:53:13	350	449	30	4	ended	(49.3382803197197291,55.6365969465934995)
51	2018-05-17 14:47:51	2018-11-24 00:11:22	162	32	49	9	ended	(48.8884724587329913,55.3809018388545908)
52	2018-10-21 16:40:07	2018-11-01 20:06:13	10	438	41	1	ended	(49.2172043944563953,55.7249345546377413)
53	2018-02-26 07:57:01	2018-08-11 10:20:19	185	176	22	2	ended	(48.9756446017749667,55.4947145548795078)
54	2018-01-15 06:19:07	2018-11-23 15:48:35	323	400	18	1	ended	(49.351593200067974,56.1384423488553992)
55	2018-10-24 23:18:00	2018-11-03 05:55:53	381	429	41	2	ended	(48.8618327406082358,55.9968071538923198)
56	2018-01-04 13:54:36	2018-10-24 15:27:16	31	204	5	8	ended	(49.5502866271162645,56.2235970692525129)
57	2018-04-09 01:23:14	2018-11-06 11:10:14	272	421	7	9	ended	(49.0413611508846543,55.784300390593387)
58	2018-04-14 03:16:16	2018-10-20 15:13:13	226	406	21	1	ended	(49.2898409682233591,55.9527213366542284)
59	2018-09-03 15:51:07	2018-09-24 06:06:38	455	391	11	6	ended	(49.4430003852161519,55.6826756097005529)
60	2018-03-22 10:28:03	2018-09-14 21:09:55	352	463	33	8	ended	(49.3254047757476499,55.8771215149433544)
61	2018-04-27 08:24:02	2018-10-01 11:20:28	278	83	26	3	ended	(49.125927869600325,55.827685710857196)
62	2018-01-01 08:15:17	2018-05-27 03:18:59	266	200	17	7	ended	(49.1222684378911083,56.1073673891697666)
63	2018-03-11 10:53:04	2018-06-01 09:51:58	483	111	45	8	ended	(48.5828875866511538,55.3355648751743061)
64	2018-11-11 01:37:16	2018-11-20 05:07:07	491	345	4	1	ended	(49.4591269033933614,55.6988221507085299)
65	2018-11-04 04:10:39	2018-11-19 00:30:48	386	358	11	3	ended	(48.5865057041927813,55.4743022645912234)
66	2018-07-27 07:04:11	2018-08-02 01:18:22	211	300	4	8	ended	(49.5640996866736572,56.117918876346053)
67	2018-07-18 14:09:47	2018-10-01 20:22:30	95	479	38	8	ended	(49.3194414188344794,56.1273559868629874)
68	2018-11-09 15:56:27	2018-11-23 00:05:04	457	105	27	4	ended	(48.9036781363142197,55.7614822987397147)
69	2018-01-09 19:09:38	2018-10-29 06:25:29	147	232	11	8	ended	(49.1382304610924479,55.6595667306217337)
70	2018-03-24 14:06:54	2018-08-31 09:12:44	207	44	2	6	ended	(49.275446364782411,55.8250451832083954)
71	2018-07-24 17:50:10	2018-11-12 01:15:37	24	29	5	10	ended	(48.9769023052301407,55.865617773108454)
72	2018-09-01 05:58:05	2018-10-18 13:34:38	95	13	44	2	ended	(49.3124960968565844,55.6742031037312515)
73	2018-05-02 23:17:21	2018-07-30 10:40:05	399	295	20	9	ended	(49.5246497049869987,55.4426417178742739)
74	2018-06-13 10:39:14	2018-10-13 08:10:21	132	294	48	1	ended	(48.9748448816024577,56.1309538353874373)
75	2018-10-10 02:50:29	2018-11-13 18:54:48	105	428	18	1	ended	(49.4624452047057304,55.613420643712864)
76	2018-09-11 23:53:27	2018-09-28 12:42:02	165	490	14	7	ended	(48.7377023777730969,55.7402646477360761)
77	2018-04-15 19:29:04	2018-11-23 02:37:12	297	130	26	3	ended	(49.2440632948744508,56.0988064515374418)
78	2018-10-01 23:34:35	2018-11-18 10:07:55	441	63	44	6	ended	(49.4302908939515149,55.4896994858744463)
79	2018-07-31 00:50:06	2018-10-09 08:44:58	220	486	48	8	ended	(49.1767560815590556,55.4114357825234904)
80	2018-04-06 10:41:58	2018-10-19 13:27:12	304	309	22	1	ended	(49.1846867855125254,56.2913404179320764)
81	2018-06-18 07:37:24	2018-10-03 19:15:43	204	351	4	1	ended	(48.9687523032872534,55.7054165132041064)
82	2018-06-02 11:48:48	2018-07-17 05:31:02	135	10	15	2	ended	(49.1953142759114073,55.8419620588455246)
83	2018-05-24 03:26:26	2018-06-20 13:06:34	53	333	8	6	ended	(48.6259901460850372,55.6503403264426879)
84	2018-03-04 04:40:56	2018-06-27 17:34:14	295	260	1	4	ended	(48.9551575994568395,55.4272140748538149)
85	2018-02-04 18:01:31	2018-06-06 01:38:51	243	393	38	2	ended	(49.3747462586414514,55.5343307528315435)
86	2018-03-23 06:02:12	2018-11-22 15:12:56	150	439	10	3	ended	(49.424812338830435,55.8244724747901486)
87	2018-11-07 09:30:41	2018-11-24 23:12:10	265	23	45	6	ended	(49.3392818788867586,55.3972833495247841)
88	2018-10-17 08:20:56	2018-11-03 19:27:48	355	200	20	8	ended	(48.8564986278788282,55.9251932089235169)
89	2018-11-01 03:39:29	2018-11-02 05:49:02	191	420	29	4	ended	(48.7591329832564711,56.2643989116712859)
90	2018-01-08 07:24:46	2018-08-31 13:45:29	159	379	20	1	ended	(49.4531160067686173,55.7088929831488784)
91	2018-01-29 17:04:02	2018-08-01 19:57:36	205	118	32	6	ended	(49.0421099724276885,55.479287988860257)
92	2018-01-27 15:26:42	2018-06-03 14:50:10	439	141	42	7	ended	(48.8598690932491238,56.1729967402128807)
93	2018-02-08 07:50:55	2018-03-05 15:18:04	120	359	10	6	ended	(49.2824668521201872,56.0175524939955807)
94	2018-04-12 17:02:52	2018-06-27 08:37:13	388	264	28	6	ended	(48.6938676705220317,55.7246984228304214)
95	2018-10-13 13:25:50	2018-11-10 17:53:04	406	84	48	2	ended	(48.6337541458170861,56.0238776775224281)
96	2018-02-24 03:31:58	2018-05-06 18:07:35	249	496	8	3	ended	(48.8122560787141708,55.8040699374529012)
97	2018-04-04 10:46:48	2018-11-11 13:56:36	192	82	37	2	ended	(48.601424554623307,55.883964320246946)
98	2018-05-03 00:36:43	2018-11-17 00:54:16	121	434	35	10	ended	(48.8896339247000284,55.7715581905213753)
99	2018-10-29 16:09:10	2018-11-09 05:53:16	155	374	41	5	ended	(48.6332473630401836,55.6395612895290412)
100	2018-10-06 07:57:07	2018-10-30 19:16:41	376	42	24	10	ended	(48.8338105382243057,56.2744706046712722)
101	2018-03-02 22:23:51	2018-05-25 11:12:16	908	569	83	13	ended	(48.8496100926334833,56.2919404673579109)
102	2018-03-26 14:32:31	2018-07-26 01:55:35	826	528	86	17	ended	(49.4144470916010334,55.6359471983637519)
103	2018-09-10 21:23:14	2018-10-12 12:14:23	794	975	64	11	ended	(48.6629439037285962,55.6545319315605269)
104	2018-03-16 01:14:40	2018-07-27 19:40:15	540	544	96	13	ended	(49.2814113699523233,55.7764951946398639)
105	2018-08-06 18:12:05	2018-11-20 18:43:30	653	549	57	14	ended	(49.248038269025848,55.6321940303209033)
106	2018-05-22 02:31:12	2018-05-25 07:57:04	947	959	87	17	ended	(48.6551319156295179,56.2764276011021281)
107	2018-10-03 10:41:07	2018-11-09 12:35:06	859	951	61	14	ended	(49.0686091314523054,55.7641343187674607)
108	2018-10-27 21:43:17	2018-11-23 21:06:56	942	723	98	13	ended	(49.5254142521651488,56.2725678508486382)
109	2018-03-25 04:24:32	2018-03-31 14:55:09	961	604	84	18	ended	(48.9429220292381117,55.5029831645420373)
110	2018-04-05 10:37:14	2018-10-21 18:05:23	857	930	82	16	ended	(48.7059506883092723,56.0222886334388335)
111	2018-01-27 14:38:35	2018-08-12 18:39:20	601	534	94	16	ended	(49.4037254861885842,56.1637384768418215)
112	2018-11-14 08:55:20	2018-11-17 04:53:47	667	967	98	15	ended	(48.5662727658264899,55.4588286585329442)
113	2018-07-27 11:08:34	2018-10-16 23:29:20	800	848	74	18	ended	(49.5173632322167663,55.7862607733513371)
114	2018-07-08 20:32:07	2018-07-25 06:52:40	682	529	94	17	ended	(49.3515009920548025,55.3581076195481074)
115	2018-07-21 17:36:39	2018-07-21 23:35:42	617	643	96	15	ended	(49.0672959508756747,55.5085536008872111)
116	2018-01-14 03:34:22	2018-04-28 16:37:36	994	732	86	15	ended	(49.4165625362838767,55.7094018995761644)
117	2018-06-09 10:57:18	2018-07-21 17:19:59	519	618	90	18	ended	(49.1827579272083284,56.213606669201269)
118	2018-10-17 16:23:04	2018-10-24 20:59:53	846	761	84	12	ended	(48.8025653559417805,55.4378644206034323)
119	2018-03-02 20:07:47	2018-03-18 20:52:09	737	733	96	20	ended	(49.4444443780094289,55.3923738252921183)
120	2018-07-21 07:41:43	2018-10-11 10:33:14	501	783	83	18	ended	(49.503399739308243,55.7493408186963464)
121	2018-06-07 02:13:20	2018-09-10 03:18:16	733	658	73	17	ended	(49.031896464389483,55.6243168551620926)
122	2018-06-08 18:22:26	2018-09-12 19:21:09	611	546	89	19	ended	(49.4032144831008182,55.5353808112929457)
123	2018-08-18 20:44:29	2018-09-10 04:45:48	639	706	73	14	ended	(49.1199096444213268,56.2512882878924643)
124	2018-01-12 21:28:40	2018-03-22 19:27:13	703	501	52	14	ended	(49.2318690698047448,55.3363176327334259)
125	2018-04-01 02:33:06	2018-10-29 11:04:43	905	973	58	16	ended	(49.1121950314643883,56.1244021969340992)
126	2018-05-18 12:34:05	2018-09-08 11:00:27	921	735	59	15	ended	(49.0952740639880645,55.7740364029758169)
127	2018-01-27 00:17:43	2018-08-20 06:08:19	896	726	74	13	ended	(48.6060411168688518,56.0627000129990236)
128	2018-07-28 05:21:48	2018-09-10 00:26:10	756	515	59	15	ended	(49.0066885370339023,55.4662949391124087)
129	2018-09-19 10:59:10	2018-10-25 00:31:50	656	518	53	11	ended	(49.3854474561843944,56.0835986731786065)
130	2018-03-02 03:38:16	2018-11-25 11:28:49	613	559	87	13	ended	(48.8343126554273326,55.6154779675657736)
131	2018-10-19 05:53:51	2018-10-26 01:49:52	542	812	71	13	ended	(48.6326619945161198,55.8076062204903565)
132	2018-11-20 21:57:16	2018-11-21 12:04:46	879	525	90	12	ended	(48.9051689314600253,56.1462764183713929)
133	2018-04-23 07:09:28	2018-06-06 17:44:58	794	585	86	14	ended	(48.7079001255052972,56.280280124036608)
134	2018-11-06 08:04:47	2018-11-11 16:04:19	638	542	80	20	ended	(49.2481001832718377,56.1596831307450657)
135	2018-08-18 02:29:26	2018-11-05 08:55:17	965	915	55	19	ended	(48.6254911327527708,55.5861728484852051)
136	2018-10-28 08:25:08	2018-10-29 01:47:59	597	533	85	19	ended	(48.5967107361854147,55.3623850675838156)
137	2018-02-23 07:38:59	2018-06-20 20:12:20	574	658	83	18	ended	(49.2405717471856761,56.1192658604138828)
138	2018-01-09 06:00:02	2018-01-20 04:38:54	534	868	89	11	ended	(48.7421525566816953,55.3493376035487827)
139	2018-06-04 02:23:42	2018-10-10 09:16:50	602	596	67	16	ended	(49.4989848195651021,55.3638576901736243)
140	2018-06-01 06:15:04	2018-10-07 11:12:39	523	710	75	19	ended	(49.0039596277210805,55.5531844605502556)
141	2018-04-20 04:57:01	2018-06-01 13:06:39	861	927	96	13	ended	(49.1989826158907491,55.8046650649087255)
142	2018-11-18 19:39:42	2018-11-23 05:13:57	522	839	63	17	ended	(48.8617642960924954,55.4212175606759985)
143	2018-04-26 04:04:38	2018-05-19 01:18:17	995	768	89	15	ended	(49.0393666302327205,56.2805831633839446)
144	2018-04-03 17:32:29	2018-05-02 03:10:18	624	796	58	19	ended	(49.5362166515545397,55.797125829088877)
145	2018-06-11 15:55:42	2018-08-16 23:49:27	621	816	66	18	ended	(49.0253682778218618,56.2445519941497309)
146	2018-08-03 18:34:21	2018-11-23 20:55:47	700	728	56	14	ended	(49.250851311415019,55.6254396107312914)
147	2018-01-25 20:10:24	2018-04-18 21:53:17	618	791	53	19	ended	(48.9037290868305661,55.8767902241495591)
148	2018-01-16 09:07:07	2018-10-29 02:59:14	815	791	76	11	ended	(49.2052033263557291,55.5169136289054421)
149	2018-04-02 03:33:28	2018-05-03 15:19:42	529	801	69	16	ended	(48.7711235353938477,55.9572694855508175)
150	2018-01-15 18:12:47	2018-05-04 05:33:34	547	571	59	18	ended	(49.4178268606073487,55.7413821003414327)
151	2018-08-25 00:04:44	2018-10-13 09:59:16	860	931	89	14	ended	(49.4860497996307203,56.3094253747261462)
152	2018-10-20 15:31:04	2018-10-31 01:35:56	629	802	76	19	ended	(48.9188777204204825,55.6354292140634996)
153	2018-10-24 12:31:50	2018-11-03 09:01:03	501	780	52	19	ended	(49.2229400508761543,56.122311531842918)
154	2018-11-21 10:06:03	2018-11-21 19:47:28	976	708	76	17	ended	(49.1668564203751046,56.2453286299904462)
155	2018-04-29 05:51:52	2018-08-30 03:09:13	624	657	90	17	ended	(49.3874916839768403,55.5930684824191559)
156	2018-01-12 01:48:14	2018-01-15 22:07:56	589	691	97	14	ended	(49.4530186529591091,56.3208091059144351)
157	2018-06-18 15:55:32	2018-09-27 16:06:30	943	961	81	19	ended	(48.5750289646707358,56.2785067166496873)
158	2018-06-05 13:38:14	2018-06-05 19:09:52	731	527	75	11	ended	(49.5581469482418058,55.6666742015920164)
159	2018-04-18 11:05:09	2018-08-07 13:59:17	970	709	56	19	ended	(48.6902348447370912,55.8883451138597138)
160	2018-07-25 13:40:45	2018-11-15 11:09:12	844	607	81	16	ended	(49.52360785802869,55.6952708580862463)
161	2018-07-04 06:14:51	2018-07-18 07:13:04	566	660	60	19	ended	(49.373125642135534,55.5209034440129798)
162	2018-05-14 13:25:48	2018-11-10 10:18:24	975	924	89	16	ended	(49.5611186745783883,56.1234418191066169)
163	2018-02-23 14:22:39	2018-09-30 21:03:30	720	642	77	12	ended	(49.0315355142972891,55.4208362020713636)
164	2018-07-17 16:53:39	2018-09-22 09:45:24	573	623	81	11	ended	(48.8484070527856673,55.6091076076039457)
165	2018-10-14 01:44:51	2018-11-09 16:14:47	943	701	51	14	ended	(49.362321278380648,55.6385114705597559)
166	2018-01-26 01:17:02	2018-11-20 20:25:26	710	987	57	15	ended	(48.605430663958856,56.041530290091444)
167	2018-06-15 01:53:18	2018-10-21 17:08:49	527	957	75	12	ended	(49.053562176587242,55.9099244026582127)
168	2018-10-08 02:10:56	2018-11-24 16:02:26	599	557	95	11	ended	(49.5372404626361629,55.6559688971430688)
169	2018-03-02 18:34:06	2018-03-29 23:19:09	571	600	91	11	ended	(48.7500378892796533,56.0685121924342198)
170	2018-05-31 07:09:53	2018-11-22 23:09:41	965	852	99	16	ended	(49.3531066969080143,55.3726784259605864)
171	2018-02-05 13:57:08	2018-07-09 17:10:21	521	693	71	16	ended	(48.9033704773515296,55.4502982498053996)
172	2018-02-01 02:44:00	2018-08-08 09:11:17	641	509	74	20	ended	(48.814756213489666,55.5769090109825186)
173	2018-04-09 07:09:10	2018-08-06 18:01:39	653	874	88	12	ended	(49.4915675949714355,56.1685575109549831)
174	2018-11-06 12:26:44	2018-11-22 02:36:55	546	530	74	20	ended	(48.6836339676710779,55.8192146930017685)
175	2018-04-03 07:43:45	2018-08-23 07:51:10	652	688	84	14	ended	(49.1948952261324166,55.4325687623596295)
176	2018-01-07 06:45:43	2018-06-30 21:00:09	838	658	94	20	ended	(49.4444846370363607,55.6298543178578342)
177	2018-07-30 05:57:02	2018-11-21 10:20:26	818	886	78	17	ended	(48.934028449379781,55.6829200029395182)
178	2018-05-05 05:55:05	2018-09-17 20:52:14	524	725	72	11	ended	(49.1338049963359325,55.4023906871506284)
179	2018-08-21 08:15:08	2018-09-19 08:25:44	869	617	53	18	ended	(49.3511452933298997,56.313511565891325)
180	2018-07-29 10:24:48	2018-11-16 11:36:10	909	712	71	20	ended	(49.359745605178226,55.8227173186747905)
181	2018-09-08 05:19:12	2018-10-11 05:17:09	748	770	52	11	ended	(49.4452182274254,55.6151231473525414)
182	2018-02-23 23:29:53	2018-04-01 10:23:43	922	958	97	12	ended	(49.1836382935466858,55.4731791806483159)
183	2018-01-08 23:45:51	2018-09-18 05:59:18	739	700	72	18	ended	(49.450016591989602,56.1737853250768282)
184	2018-05-23 07:52:15	2018-06-12 11:19:42	824	972	99	16	ended	(49.0757701687463097,56.0032229151413645)
185	2018-10-13 10:24:47	2018-11-25 19:34:39	997	927	87	11	ended	(49.05745382096692,55.4714361701400591)
186	2018-05-30 12:49:25	2018-09-09 22:05:51	964	521	55	16	ended	(48.8801214023655675,56.0596831144370427)
187	2018-05-27 06:08:54	2018-06-07 13:49:13	601	838	100	16	ended	(49.0268904194468078,55.7863451573932139)
188	2018-07-13 06:50:28	2018-07-25 11:15:32	549	909	79	15	ended	(49.2675801965534887,55.5179460511980309)
189	2018-01-28 14:42:20	2018-02-01 07:39:36	853	556	91	20	ended	(49.1867602292769561,55.9937649154284927)
190	2018-04-15 00:00:09	2018-09-09 20:06:08	750	572	67	17	ended	(49.2835056803586795,55.8923042212580228)
191	2018-04-11 18:40:31	2018-07-13 11:48:23	722	540	85	20	ended	(49.3435914847807808,55.34065971944149)
192	2018-10-20 10:59:40	2018-10-26 02:05:31	720	826	90	15	ended	(49.4075355645124645,55.3694799851401314)
193	2018-01-13 21:33:38	2018-11-18 11:43:58	790	533	54	15	ended	(49.1373593620840268,55.4898236621367857)
194	2018-02-13 03:05:13	2018-05-05 13:49:37	945	935	84	12	ended	(48.5969261394523429,56.3085820473163494)
195	2018-10-21 04:05:52	2018-11-21 21:24:12	703	509	70	18	ended	(49.2498378467114293,55.3550074321013454)
196	2018-05-31 14:10:15	2018-06-19 02:17:35	716	753	68	18	ended	(48.6651283674695989,56.1450727675031089)
197	2018-10-13 03:33:09	2018-10-22 00:48:46	689	902	95	11	ended	(49.1635874697837281,56.0511012700866118)
198	2018-02-26 08:42:43	2018-04-09 20:00:00	738	519	87	17	ended	(48.6175711893593245,55.460408652568006)
199	2018-03-17 08:13:35	2018-04-23 17:36:09	582	788	76	17	ended	(49.4063853845929017,55.9593501511012903)
200	2018-03-27 07:48:16	2018-03-28 02:13:50	963	821	80	13	ended	(48.5853058971940399,55.9564073597269456)
11	2018-01-01 07:43:30	2018-01-01 21:48:07	437	436	7	8	ended	(49.3080091613319667,55.801414861544977)
\.


--
-- Data for Name: payment; Type: TABLE DATA; Schema: public; Owner: dmd_high_grade_pls
--

COPY public.payment (id, date, amount, customer_id, payment_service_id) FROM stdin;
1	2018-04-18 01:17:42	566	1	2
2	2018-04-07 12:40:45	17	1	3
3	2018-01-25 06:19:07	234	1	2
4	2018-01-07 18:30:35	224	1	4
5	2018-02-17 03:08:33	970	1	4
6	2018-05-08 18:57:21	446	2	4
7	2018-07-16 03:42:44	760	2	3
8	2018-04-14 17:26:30	893	2	3
9	2018-08-09 18:08:11	807	2	4
10	2018-02-06 04:37:58	51	2	5
11	2018-08-22 18:39:44	645	3	1
12	2018-08-16 03:27:09	592	3	5
13	2018-04-29 17:38:40	815	3	1
14	2018-06-25 04:14:08	316	3	5
15	2018-10-07 22:57:50	988	3	4
16	2018-10-05 14:29:28	969	4	5
17	2018-06-30 19:53:25	328	4	3
18	2018-03-05 09:14:31	553	4	5
19	2018-04-12 19:08:20	857	4	5
20	2018-10-13 21:19:15	521	4	1
21	2018-11-18 22:27:07	653	5	3
22	2018-04-24 12:36:39	206	5	1
23	2018-01-08 17:49:47	8	5	3
24	2018-10-28 00:27:39	957	5	4
25	2018-11-06 22:22:55	977	5	4
26	2018-06-02 19:08:54	478	6	2
27	2018-04-03 19:39:00	864	6	4
28	2018-11-24 15:01:38	115	6	4
29	2018-09-08 12:41:24	37	6	4
30	2018-02-22 19:12:45	58	6	5
31	2018-07-12 00:23:54	362	7	1
32	2018-02-07 03:07:10	569	7	3
33	2018-02-26 06:04:15	386	7	5
34	2018-10-16 09:11:43	539	7	1
35	2018-09-22 22:01:51	926	7	5
36	2018-09-28 09:49:55	335	8	3
37	2018-01-22 21:11:37	133	8	3
38	2018-05-31 08:35:07	680	8	3
39	2018-05-23 22:24:34	530	8	3
40	2018-07-18 11:08:39	526	8	5
41	2018-04-02 04:43:03	609	9	4
42	2018-01-13 19:24:59	780	9	4
43	2018-09-17 15:42:17	381	9	5
44	2018-08-17 22:20:13	556	9	4
45	2018-05-04 23:40:21	496	9	3
46	2018-02-06 02:48:57	111	10	2
47	2018-04-10 05:41:30	131	10	4
48	2018-09-09 04:20:40	105	10	4
49	2018-08-22 10:12:06	758	10	4
50	2018-07-14 02:27:32	751	10	2
51	2018-08-16 10:35:53	480	11	10
52	2018-01-31 22:05:17	812	11	7
53	2018-08-22 11:57:06	997	11	10
54	2018-02-06 21:13:08	742	11	10
55	2018-05-11 12:37:35	516	11	8
56	2018-10-31 23:53:52	462	12	9
57	2018-08-24 17:45:16	863	12	6
58	2018-06-10 20:13:07	571	12	7
59	2018-01-20 18:49:48	584	12	10
60	2018-04-25 03:39:03	445	12	8
61	2018-02-26 05:33:32	250	13	8
62	2018-04-01 09:46:15	465	13	9
63	2018-06-13 06:10:28	343	13	8
64	2018-03-17 12:48:09	143	13	8
65	2018-11-18 19:59:59	411	13	6
66	2018-09-17 13:00:20	402	14	10
67	2018-01-07 07:08:22	410	14	8
68	2018-11-05 21:56:13	558	14	6
69	2018-07-04 13:23:50	398	14	7
70	2018-01-14 13:49:22	484	14	10
71	2018-09-23 22:51:42	483	15	7
72	2018-08-27 15:56:05	650	15	6
73	2018-09-30 03:59:39	112	15	6
74	2018-08-12 15:24:56	169	15	10
75	2018-04-28 02:02:26	989	15	9
76	2018-06-26 15:02:03	510	16	10
77	2018-09-30 21:06:43	454	16	10
78	2018-06-28 14:11:59	431	16	9
79	2018-08-17 06:00:48	40	16	9
80	2018-01-26 00:55:48	163	16	8
81	2018-10-29 23:06:10	262	17	9
82	2018-10-21 15:28:32	61	17	9
83	2018-03-25 03:25:10	581	17	9
84	2018-04-07 18:15:39	73	17	9
85	2018-08-12 14:01:35	755	17	7
86	2018-08-12 07:44:43	400	18	7
87	2018-03-02 14:52:53	101	18	10
88	2018-06-16 22:06:28	367	18	9
89	2018-07-27 07:56:59	204	18	10
90	2018-06-24 06:21:53	498	18	7
91	2018-07-04 15:44:18	400	19	8
92	2018-08-07 06:19:36	198	19	9
93	2018-11-06 11:14:46	112	19	9
94	2018-06-04 05:48:19	368	19	8
95	2018-03-20 20:28:22	728	19	9
96	2018-02-24 19:14:31	173	20	8
97	2018-09-02 19:13:34	632	20	6
98	2018-05-20 18:55:47	492	20	9
99	2018-05-17 16:03:03	882	20	6
100	2018-05-08 01:11:09	426	20	10
101	2018-05-08 01:11:09	426	20	10
\.


--
-- Data for Name: payment_service; Type: TABLE DATA; Schema: public; Owner: dmd_high_grade_pls
--

COPY public.payment_service (id, name) FROM stdin;
1	douglas
2	johnson
3	sanchez
4	parker-taylor
5	evans
6	garcia
7	romero
8	patel-glenn
9	gibbs
10	cox
\.


--
-- Data for Name: socket_type; Type: TABLE DATA; Schema: public; Owner: dmd_high_grade_pls
--

COPY public.socket_type (id, shape, size) FROM stdin;
1	sherman-smith	S
2	clark-leonard	L
3	zavala-hill	S
4	washington-holden	XS
5	williams	M
6	james	L
\.


--
-- Data for Name: spatial_ref_sys; Type: TABLE DATA; Schema: public; Owner: dmd_high_grade_pls
--

COPY public.spatial_ref_sys (srid, auth_name, auth_srid, srtext, proj4text) FROM stdin;
\.


--
-- Data for Name: workshop; Type: TABLE DATA; Schema: public; Owner: dmd_high_grade_pls
--

COPY public.workshop (id, weekday_working_hours_starts, weekday_working_hours_ends, holiday_working_hours_starts, holiday_working_hours_ends, located_at) FROM stdin;
1	08:00:00	18:00:00	08:00:00	18:00:00	425
2	08:00:00	18:00:00	08:00:00	18:00:00	50
3	08:00:00	18:00:00	08:00:00	18:00:00	31
4	08:00:00	18:00:00	08:00:00	18:00:00	560
5	08:00:00	18:00:00	08:00:00	18:00:00	750
6	08:00:00	18:00:00	08:00:00	18:00:00	685
\.


--
-- Data for Name: workshop_car; Type: TABLE DATA; Schema: public; Owner: dmd_high_grade_pls
--

COPY public.workshop_car (id, car_id, workshop_id, started_at, ended_at) FROM stdin;
1	17	2	2018-01-05 08:35:56	2018-01-05 10:35:56
2	3	3	2018-04-06 19:41:43	2018-04-06 21:41:43
3	49	2	2018-06-12 03:01:44	2018-06-12 05:01:44
4	9	3	2018-10-04 12:23:26	2018-10-04 13:23:26
5	1	2	2018-09-06 05:29:27	2018-09-06 06:29:27
6	3	3	2018-04-27 20:30:51	2018-04-27 21:30:51
7	12	2	2018-10-22 17:16:06	2018-10-22 18:16:06
8	21	3	2018-05-19 02:18:26	2018-05-19 03:18:26
9	15	1	2018-09-01 18:05:58	2018-09-01 20:05:58
10	31	2	2018-05-03 12:51:27	2018-05-03 13:51:27
11	32	3	2018-06-30 01:28:53	2018-06-30 02:28:53
12	23	3	2018-06-24 23:58:53	2018-06-25 01:58:53
13	42	2	2018-04-11 18:57:16	2018-04-11 19:57:16
14	39	3	2018-03-21 02:30:56	2018-03-21 03:30:56
15	9	2	2018-10-22 20:13:23	2018-10-22 22:13:23
16	33	2	2018-09-08 10:19:20	2018-09-08 12:19:20
17	26	2	2018-08-20 15:32:37	2018-08-20 16:32:37
18	49	2	2018-04-04 19:09:10	2018-04-04 21:09:10
19	22	1	2018-05-14 08:01:36	2018-05-14 09:01:36
20	14	2	2018-03-28 13:58:59	2018-03-28 14:58:59
21	26	1	2018-02-28 12:55:40	2018-02-28 14:55:40
22	4	1	2018-03-26 11:09:40	2018-03-26 12:09:40
23	7	1	2018-06-06 13:27:39	2018-06-06 14:27:39
24	2	1	2018-11-16 11:58:41	2018-11-16 13:58:41
25	30	2	2018-01-30 17:55:33	2018-01-30 18:55:33
26	49	3	2018-09-01 01:50:33	2018-09-01 03:50:33
27	17	3	2018-03-23 09:21:54	2018-03-23 11:21:54
28	27	1	2018-09-21 01:09:55	2018-09-21 02:09:55
29	15	1	2018-07-09 20:02:45	2018-07-09 21:02:45
30	5	3	2018-11-14 00:55:21	2018-11-14 02:55:21
31	52	6	2018-05-13 13:59:06	2018-05-13 14:59:06
32	87	5	2018-06-28 16:58:15	2018-06-28 17:58:15
33	83	4	2018-10-22 23:49:31	2018-10-23 01:49:31
34	81	6	2018-09-11 20:24:24	2018-09-11 21:24:24
35	71	4	2018-10-30 04:53:49	2018-10-30 05:53:49
36	92	4	2018-02-11 16:24:55	2018-02-11 17:24:55
37	82	4	2018-02-11 20:12:38	2018-02-11 21:12:38
38	65	4	2018-09-28 19:43:07	2018-09-28 20:43:07
39	75	5	2018-10-07 13:41:08	2018-10-07 15:41:08
40	95	4	2018-09-19 05:39:39	2018-09-19 06:39:39
41	75	4	2018-07-22 22:52:46	2018-07-23 00:52:46
42	53	5	2018-09-09 21:55:55	2018-09-09 23:55:55
43	64	6	2018-03-07 10:53:58	2018-03-07 12:53:58
44	74	4	2018-03-10 07:23:32	2018-03-10 08:23:32
45	100	6	2018-11-25 01:19:19	2018-11-25 03:19:19
46	55	6	2018-05-27 01:03:07	2018-05-27 02:03:07
47	58	4	2018-10-02 22:45:55	2018-10-03 00:45:55
48	77	4	2018-11-22 09:24:38	2018-11-22 10:24:38
49	89	4	2018-02-20 20:53:11	2018-02-20 21:53:11
50	55	5	2018-07-13 12:36:29	2018-07-13 13:36:29
51	64	5	2018-01-10 03:00:15	2018-01-10 04:00:15
52	66	5	2018-10-12 05:17:15	2018-10-12 07:17:15
53	74	6	2018-09-17 05:07:14	2018-09-17 07:07:14
54	63	4	2018-08-13 20:39:56	2018-08-13 22:39:56
55	98	6	2018-06-30 18:01:56	2018-06-30 19:01:56
56	70	5	2018-09-03 03:37:53	2018-09-03 04:37:53
57	77	4	2018-06-28 22:33:07	2018-06-28 23:33:07
58	68	4	2018-02-23 00:02:25	2018-02-23 01:02:25
59	55	4	2018-10-13 05:39:55	2018-10-13 07:39:55
60	74	4	2018-01-02 13:57:39	2018-01-02 14:57:39
\.


--
-- Data for Name: workshop_car_car_part; Type: TABLE DATA; Schema: public; Owner: dmd_high_grade_pls
--

COPY public.workshop_car_car_part (id, car_part_id, workshop_car_id, bought_at) FROM stdin;
1	2	3	2018-11-26
2	5	3	2018-11-26
3	8	3	2018-11-26
4	5	1	2018-11-26
5	7	2	2018-11-26
6	1	3	2018-11-26
7	6	2	2018-11-26
8	6	3	2018-11-26
9	5	3	2018-11-26
10	1	1	2018-11-26
11	5	1	2018-11-26
12	3	3	2018-11-26
13	1	2	2018-11-26
14	4	2	2018-11-26
15	3	1	2018-11-26
16	2	1	2018-11-26
17	2	2	2018-11-26
18	10	1	2018-11-26
19	2	1	2018-11-26
20	3	1	2018-11-26
21	1	1	2018-11-26
22	5	2	2018-11-26
23	1	2	2018-11-26
24	8	2	2018-11-26
25	3	1	2018-11-26
26	1	3	2018-11-26
27	10	2	2018-11-26
28	10	2	2018-11-26
29	10	3	2018-11-26
30	8	3	2018-11-26
31	20	6	2018-11-26
32	13	5	2018-11-26
33	13	6	2018-11-26
34	20	6	2018-11-26
35	18	5	2018-11-26
36	18	4	2018-11-26
37	13	5	2018-11-26
38	17	5	2018-11-26
39	16	5	2018-11-26
40	11	5	2018-11-26
41	15	6	2018-11-26
42	14	6	2018-11-26
43	19	5	2018-11-26
44	11	6	2018-11-26
45	14	5	2018-11-26
46	13	6	2018-11-26
47	17	4	2018-11-26
48	17	5	2018-11-26
49	15	6	2018-11-26
50	13	4	2018-11-26
51	11	6	2018-11-26
52	17	4	2018-11-26
53	15	4	2018-11-26
54	19	5	2018-11-26
55	17	5	2018-11-26
56	13	4	2018-11-26
57	14	4	2018-11-26
58	12	4	2018-11-26
59	13	5	2018-11-26
60	20	5	2018-11-26
\.


--
-- Name: address_id_seq; Type: SEQUENCE SET; Schema: public; Owner: dmd_high_grade_pls
--

SELECT pg_catalog.setval('public.address_id_seq', 1000, true);


--
-- Name: car_id_seq; Type: SEQUENCE SET; Schema: public; Owner: dmd_high_grade_pls
--

SELECT pg_catalog.setval('public.car_id_seq', 100, true);


--
-- Name: car_part_id_seq; Type: SEQUENCE SET; Schema: public; Owner: dmd_high_grade_pls
--

SELECT pg_catalog.setval('public.car_part_id_seq', 20, true);


--
-- Name: charging_station_id_seq; Type: SEQUENCE SET; Schema: public; Owner: dmd_high_grade_pls
--

SELECT pg_catalog.setval('public.charging_station_id_seq', 40, true);


--
-- Name: city_id_seq; Type: SEQUENCE SET; Schema: public; Owner: dmd_high_grade_pls
--

SELECT pg_catalog.setval('public.city_id_seq', 2, true);


--
-- Name: country_id_seq; Type: SEQUENCE SET; Schema: public; Owner: dmd_high_grade_pls
--

SELECT pg_catalog.setval('public.country_id_seq', 6, true);


--
-- Name: customer_id_seq; Type: SEQUENCE SET; Schema: public; Owner: dmd_high_grade_pls
--

SELECT pg_catalog.setval('public.customer_id_seq', 20, true);


--
-- Name: district_id_seq; Type: SEQUENCE SET; Schema: public; Owner: dmd_high_grade_pls
--

SELECT pg_catalog.setval('public.district_id_seq', 12, true);


--
-- Name: order_id_seq; Type: SEQUENCE SET; Schema: public; Owner: dmd_high_grade_pls
--

SELECT pg_catalog.setval('public.order_id_seq', 200, true);


--
-- Name: payment_id_seq; Type: SEQUENCE SET; Schema: public; Owner: dmd_high_grade_pls
--

SELECT pg_catalog.setval('public.payment_id_seq', 100, true);


--
-- Name: payment_service_id_seq; Type: SEQUENCE SET; Schema: public; Owner: dmd_high_grade_pls
--

SELECT pg_catalog.setval('public.payment_service_id_seq', 10, true);


--
-- Name: socket_type_id_seq; Type: SEQUENCE SET; Schema: public; Owner: dmd_high_grade_pls
--

SELECT pg_catalog.setval('public.socket_type_id_seq', 6, true);


--
-- Name: workshop_car_car_part_id_seq; Type: SEQUENCE SET; Schema: public; Owner: dmd_high_grade_pls
--

SELECT pg_catalog.setval('public.workshop_car_car_part_id_seq', 60, true);


--
-- Name: workshop_car_id_seq; Type: SEQUENCE SET; Schema: public; Owner: dmd_high_grade_pls
--

SELECT pg_catalog.setval('public.workshop_car_id_seq', 60, true);


--
-- Name: workshop_id_seq; Type: SEQUENCE SET; Schema: public; Owner: dmd_high_grade_pls
--

SELECT pg_catalog.setval('public.workshop_id_seq', 6, true);


--
-- Name: address address_pkey; Type: CONSTRAINT; Schema: public; Owner: dmd_high_grade_pls
--

ALTER TABLE ONLY public.address
    ADD CONSTRAINT address_pkey PRIMARY KEY (id);


--
-- Name: car_order car_order_pkey; Type: CONSTRAINT; Schema: public; Owner: dmd_high_grade_pls
--

ALTER TABLE ONLY public.car_order
    ADD CONSTRAINT car_order_pkey PRIMARY KEY (id);


--
-- Name: car_part car_part_pkey; Type: CONSTRAINT; Schema: public; Owner: dmd_high_grade_pls
--

ALTER TABLE ONLY public.car_part
    ADD CONSTRAINT car_part_pkey PRIMARY KEY (id);


--
-- Name: car car_pkey; Type: CONSTRAINT; Schema: public; Owner: dmd_high_grade_pls
--

ALTER TABLE ONLY public.car
    ADD CONSTRAINT car_pkey PRIMARY KEY (id);


--
-- Name: charging_station charging_station_pkey; Type: CONSTRAINT; Schema: public; Owner: dmd_high_grade_pls
--

ALTER TABLE ONLY public.charging_station
    ADD CONSTRAINT charging_station_pkey PRIMARY KEY (id);


--
-- Name: city city_pkey; Type: CONSTRAINT; Schema: public; Owner: dmd_high_grade_pls
--

ALTER TABLE ONLY public.city
    ADD CONSTRAINT city_pkey PRIMARY KEY (id);


--
-- Name: country country_pkey; Type: CONSTRAINT; Schema: public; Owner: dmd_high_grade_pls
--

ALTER TABLE ONLY public.country
    ADD CONSTRAINT country_pkey PRIMARY KEY (id);


--
-- Name: customer customer_pkey; Type: CONSTRAINT; Schema: public; Owner: dmd_high_grade_pls
--

ALTER TABLE ONLY public.customer
    ADD CONSTRAINT customer_pkey PRIMARY KEY (id);


--
-- Name: district district_pkey; Type: CONSTRAINT; Schema: public; Owner: dmd_high_grade_pls
--

ALTER TABLE ONLY public.district
    ADD CONSTRAINT district_pkey PRIMARY KEY (id);


--
-- Name: order order_pkey; Type: CONSTRAINT; Schema: public; Owner: dmd_high_grade_pls
--

ALTER TABLE ONLY public."order"
    ADD CONSTRAINT order_pkey PRIMARY KEY (id);


--
-- Name: payment payment_pkey; Type: CONSTRAINT; Schema: public; Owner: dmd_high_grade_pls
--

ALTER TABLE ONLY public.payment
    ADD CONSTRAINT payment_pkey PRIMARY KEY (id);


--
-- Name: payment_service payment_service_pkey; Type: CONSTRAINT; Schema: public; Owner: dmd_high_grade_pls
--

ALTER TABLE ONLY public.payment_service
    ADD CONSTRAINT payment_service_pkey PRIMARY KEY (id);


--
-- Name: socket_type socket_type_pkey; Type: CONSTRAINT; Schema: public; Owner: dmd_high_grade_pls
--

ALTER TABLE ONLY public.socket_type
    ADD CONSTRAINT socket_type_pkey PRIMARY KEY (id);


--
-- Name: customer unique_name; Type: CONSTRAINT; Schema: public; Owner: dmd_high_grade_pls
--

ALTER TABLE ONLY public.customer
    ADD CONSTRAINT unique_name UNIQUE (username);


--
-- Name: car unique_vin; Type: CONSTRAINT; Schema: public; Owner: dmd_high_grade_pls
--

ALTER TABLE ONLY public.car
    ADD CONSTRAINT unique_vin UNIQUE (vin);


--
-- Name: workshop_car_car_part workshop_car_car_part_pkey; Type: CONSTRAINT; Schema: public; Owner: dmd_high_grade_pls
--

ALTER TABLE ONLY public.workshop_car_car_part
    ADD CONSTRAINT workshop_car_car_part_pkey PRIMARY KEY (id);


--
-- Name: workshop_car workshop_car_pkey; Type: CONSTRAINT; Schema: public; Owner: dmd_high_grade_pls
--

ALTER TABLE ONLY public.workshop_car
    ADD CONSTRAINT workshop_car_pkey PRIMARY KEY (id);


--
-- Name: workshop workshop_pkey; Type: CONSTRAINT; Schema: public; Owner: dmd_high_grade_pls
--

ALTER TABLE ONLY public.workshop
    ADD CONSTRAINT workshop_pkey PRIMARY KEY (id);


--
-- Name: address address_disctrict_id_fkey; Type: FK CONSTRAINT; Schema: public; Owner: dmd_high_grade_pls
--

ALTER TABLE ONLY public.address
    ADD CONSTRAINT address_disctrict_id_fkey FOREIGN KEY (disctrict_id) REFERENCES public.district(id);


--
-- Name: car_order car_order_car_id_fkey; Type: FK CONSTRAINT; Schema: public; Owner: dmd_high_grade_pls
--

ALTER TABLE ONLY public.car_order
    ADD CONSTRAINT car_order_car_id_fkey FOREIGN KEY (car_id) REFERENCES public.car(id);


--
-- Name: car_order car_order_order_id_fkey; Type: FK CONSTRAINT; Schema: public; Owner: dmd_high_grade_pls
--

ALTER TABLE ONLY public.car_order
    ADD CONSTRAINT car_order_order_id_fkey FOREIGN KEY (order_id) REFERENCES public."order"(id);


--
-- Name: car car_socket_type_id_fkey; Type: FK CONSTRAINT; Schema: public; Owner: dmd_high_grade_pls
--

ALTER TABLE ONLY public.car
    ADD CONSTRAINT car_socket_type_id_fkey FOREIGN KEY (socket_type_id) REFERENCES public.socket_type(id);


--
-- Name: charging_station charging_station_address_id_fkey; Type: FK CONSTRAINT; Schema: public; Owner: dmd_high_grade_pls
--

ALTER TABLE ONLY public.charging_station
    ADD CONSTRAINT charging_station_address_id_fkey FOREIGN KEY (address_id) REFERENCES public.address(id);


--
-- Name: charging_station_car charging_station_car_car_id_fkey; Type: FK CONSTRAINT; Schema: public; Owner: dmd_high_grade_pls
--

ALTER TABLE ONLY public.charging_station_car
    ADD CONSTRAINT charging_station_car_car_id_fkey FOREIGN KEY (car_id) REFERENCES public.car(id);


--
-- Name: charging_station_car charging_station_car_charging_station_id_fkey; Type: FK CONSTRAINT; Schema: public; Owner: dmd_high_grade_pls
--

ALTER TABLE ONLY public.charging_station_car
    ADD CONSTRAINT charging_station_car_charging_station_id_fkey FOREIGN KEY (charging_station_id) REFERENCES public.charging_station(id);


--
-- Name: charging_station_socket_types charging_station_socket_types_charging_station_id_fkey; Type: FK CONSTRAINT; Schema: public; Owner: dmd_high_grade_pls
--

ALTER TABLE ONLY public.charging_station_socket_types
    ADD CONSTRAINT charging_station_socket_types_charging_station_id_fkey FOREIGN KEY (charging_station_id) REFERENCES public.charging_station(id);


--
-- Name: charging_station_socket_types charging_station_socket_types_socket_type_id_fkey; Type: FK CONSTRAINT; Schema: public; Owner: dmd_high_grade_pls
--

ALTER TABLE ONLY public.charging_station_socket_types
    ADD CONSTRAINT charging_station_socket_types_socket_type_id_fkey FOREIGN KEY (socket_type_id) REFERENCES public.socket_type(id);


--
-- Name: city city_country_id_fkey; Type: FK CONSTRAINT; Schema: public; Owner: dmd_high_grade_pls
--

ALTER TABLE ONLY public.city
    ADD CONSTRAINT city_country_id_fkey FOREIGN KEY (country_id) REFERENCES public.country(id);


--
-- Name: customer customer_disctrict_id_fkey; Type: FK CONSTRAINT; Schema: public; Owner: dmd_high_grade_pls
--

ALTER TABLE ONLY public.customer
    ADD CONSTRAINT customer_disctrict_id_fkey FOREIGN KEY (disctrict_id) REFERENCES public.district(id);


--
-- Name: district district_city_id_fkey; Type: FK CONSTRAINT; Schema: public; Owner: dmd_high_grade_pls
--

ALTER TABLE ONLY public.district
    ADD CONSTRAINT district_city_id_fkey FOREIGN KEY (city_id) REFERENCES public.city(id);


--
-- Name: order order_car_id_fkey; Type: FK CONSTRAINT; Schema: public; Owner: dmd_high_grade_pls
--

ALTER TABLE ONLY public."order"
    ADD CONSTRAINT order_car_id_fkey FOREIGN KEY (car_id) REFERENCES public.car(id);


--
-- Name: order order_customer_id_fkey; Type: FK CONSTRAINT; Schema: public; Owner: dmd_high_grade_pls
--

ALTER TABLE ONLY public."order"
    ADD CONSTRAINT order_customer_id_fkey FOREIGN KEY (customer_id) REFERENCES public.customer(id);


--
-- Name: order order_ending_address_fkey; Type: FK CONSTRAINT; Schema: public; Owner: dmd_high_grade_pls
--

ALTER TABLE ONLY public."order"
    ADD CONSTRAINT order_ending_address_fkey FOREIGN KEY (ending_address) REFERENCES public.address(id);


--
-- Name: order order_starting_address_fkey; Type: FK CONSTRAINT; Schema: public; Owner: dmd_high_grade_pls
--

ALTER TABLE ONLY public."order"
    ADD CONSTRAINT order_starting_address_fkey FOREIGN KEY (starting_address) REFERENCES public.address(id);


--
-- Name: payment payment_customer_id_fkey; Type: FK CONSTRAINT; Schema: public; Owner: dmd_high_grade_pls
--

ALTER TABLE ONLY public.payment
    ADD CONSTRAINT payment_customer_id_fkey FOREIGN KEY (customer_id) REFERENCES public.customer(id);


--
-- Name: payment payment_payment_service_id_fkey; Type: FK CONSTRAINT; Schema: public; Owner: dmd_high_grade_pls
--

ALTER TABLE ONLY public.payment
    ADD CONSTRAINT payment_payment_service_id_fkey FOREIGN KEY (payment_service_id) REFERENCES public.payment_service(id);


--
-- Name: workshop_car workshop_car_car_id_fkey; Type: FK CONSTRAINT; Schema: public; Owner: dmd_high_grade_pls
--

ALTER TABLE ONLY public.workshop_car
    ADD CONSTRAINT workshop_car_car_id_fkey FOREIGN KEY (car_id) REFERENCES public.car(id);


--
-- Name: workshop_car_car_part workshop_car_car_part_car_part_id_fkey; Type: FK CONSTRAINT; Schema: public; Owner: dmd_high_grade_pls
--

ALTER TABLE ONLY public.workshop_car_car_part
    ADD CONSTRAINT workshop_car_car_part_car_part_id_fkey FOREIGN KEY (car_part_id) REFERENCES public.car_part(id);


--
-- Name: workshop_car_car_part workshop_car_car_part_workshop_car_id_fkey; Type: FK CONSTRAINT; Schema: public; Owner: dmd_high_grade_pls
--

ALTER TABLE ONLY public.workshop_car_car_part
    ADD CONSTRAINT workshop_car_car_part_workshop_car_id_fkey FOREIGN KEY (workshop_car_id) REFERENCES public.workshop_car(id);


--
-- Name: workshop_car workshop_car_workshop_id_fkey; Type: FK CONSTRAINT; Schema: public; Owner: dmd_high_grade_pls
--

ALTER TABLE ONLY public.workshop_car
    ADD CONSTRAINT workshop_car_workshop_id_fkey FOREIGN KEY (workshop_id) REFERENCES public.workshop(id);


--
-- Name: workshop workshop_located_at_fkey; Type: FK CONSTRAINT; Schema: public; Owner: dmd_high_grade_pls
--

ALTER TABLE ONLY public.workshop
    ADD CONSTRAINT workshop_located_at_fkey FOREIGN KEY (located_at) REFERENCES public.address(id);


--
-- PostgreSQL database dump complete
--

